,date,utm_source,utm_medium,utm_campaign,user_count,session_count,hotel_id
0,2024-09-18,(not set),(not set),(not set),516,676,hotel_3
1,2024-09-18,(direct),(none),(direct),227,260,hotel_3
2,2024-09-18,google,cpc,(organic),221,246,hotel_3
3,2024-09-18,google,cpc,HU | pMAX | PERF I Brand,172,187,hotel_3
4,2024-09-18,google,organic,(organic),153,180,hotel_3
5,2024-09-18,google,cpc,HU | GSN | PERF I Brand,130,161,hotel_3
6,2024-09-18,google,cpc,(not set),92,105,hotel_3
7,2024-09-18,facebook,cpc,campaign_19,79,83,hotel_3
8,2024-09-18,facebook,cpc,campaign_20,51,52,hotel_3
9,2024-09-18,facebook,cpc,campaign_21,35,38,hotel_3
10,2024-09-18,google,cpc,campaign_22,27,31,hotel_3
11,2024-09-18,bing,organic,(organic),7,20,hotel_3
12,2024-09-18,bing,cpc,campaign_2,20,20,hotel_3
13,2024-09-18,google,cpc,campaign_23,16,19,hotel_3
14,2024-09-18,google,cpc,campaign_24,19,19,hotel_3
15,2024-09-18,google,cpc,DE | pMAX | PERF I Brand,14,18,hotel_3
16,2024-09-18,facebook,referral,(referral),16,17,hotel_3
17,2024-09-18,google,cpc,campaign_25,17,17,hotel_3
18,2024-09-18,facebook,referral,(referral),12,14,hotel_3
19,2024-09-18,ajanlat,offline,campaign_10,8,14,hotel_3
20,2024-09-18,bing,cpc,campaign_5,3,13,hotel_3
21,2024-09-18,redir.d-edgeconnect.media,referral,(referral),9,10,hotel_3
22,2024-09-18,google,cpc,(referral),7,8,hotel_3
23,2024-09-18,google,cpc,campaign_26,5,7,hotel_3
24,2024-09-18,google,cpc,HU | GDN | ENGM I Programok '24,7,7,hotel_3
25,2024-09-18,phone,offline,proposal-by-phone,2,7,hotel_3
26,2024-09-18,instagram,referral,(referral),4,5,hotel_3
27,2024-09-18,facebook,referral,(referral),3,5,hotel_3
28,2024-09-18,otpbankdirekt.hu,referral,(referral),2,5,hotel_3
29,2024-09-18,google,cpc,campaign_27,3,5,hotel_3
30,2024-09-18,google,cpc,campaign_28,3,5,hotel_3
31,2024-09-18,hirlevel_s1,newsletter,hirlevel_c1,3,5,hotel_3
32,2024-09-18,google,cpc,campaign_29,2,4,hotel_3
33,2024-09-18,bing,cpc,HU | PERF | Lokáció - All,4,4,hotel_3
34,2024-09-18,kereso.startlap.hu,referral,(referral),1,3,hotel_3
35,2024-09-18,bing,cpc,HU | pMAX | Brand '23/'24,0,3,hotel_3
36,2024-09-18,hirlevel_s3,newsletter,hirlevel_c2,1,3,hotel_3
37,2024-09-18,loyalty,email,loyalty-email,1,3,hotel_3
38,2024-09-18,ajanlat,offline,proposal-by-phone,2,3,hotel_3
39,2024-09-18,google,organic,(not set),1,2,hotel_3
40,2024-09-18,live,organic,(not set),1,2,hotel_3
41,2024-09-18,google,referral,(referral),1,2,hotel_3
42,2024-09-18,romaniatv.net,referral,(referral),1,2,hotel_3
43,2024-09-18,bing,cpc,AT | PERF | Brand,2,2,hotel_3
44,2024-09-18,google,cpc,campaign_30,1,2,hotel_3
45,2024-09-18,google,organic,(not set),1,1,hotel_3
46,2024-09-18,ecosia.org,organic,(organic),0,1,hotel_3
47,2024-09-18,click.pstmrk.it,referral,(referral),1,1,hotel_3
48,2024-09-18,e.issuu.com,referral,(referral),1,1,hotel_3
49,2024-09-18,economica.net,referral,(referral),1,1,hotel_3
50,2024-09-18,email.seznam.cz,referral,(referral),1,1,hotel_3
51,2024-09-18,hotelcms.hu,referral,(referral),1,1,hotel_3
52,2024-09-18,source_1,referral,(referral),1,1,hotel_3
53,2024-09-18,leadersnet.at,referral,(referral),1,1,hotel_3
54,2024-09-18,morgens.hu,referral,(referral),1,1,hotel_3
55,2024-09-18,source_16,referral,(referral),1,1,hotel_3
56,2024-09-18,zadir.hu,referral,(referral),0,1,hotel_3
57,2024-09-18,bing,cpc,campaign_31,0,1,hotel_3
58,2024-09-18,bing,cpc,campaign_14,1,1,hotel_3
59,2024-09-18,bing,cpc,DE | GSN | Lokáció,0,1,hotel_3
60,2024-09-18,bing,cpc,DE | PERF | Lokáció,1,1,hotel_3
61,2024-09-18,google,cpc,campaign_32,0,1,hotel_3
62,2024-09-18,facebook,cpc,campaign_1,0,1,hotel_3
63,2024-09-18,hirlevel_s5,newsletter,hirlevel_c4,1,1,hotel_3
64,2024-09-19,(not set),(not set),(not set),616,822,hotel_3
65,2024-09-19,(direct),(none),(direct),452,510,hotel_3
66,2024-09-19,google,cpc,(organic),269,303,hotel_3
67,2024-09-19,google,organic,(organic),165,191,hotel_3
68,2024-09-19,google,cpc,HU | pMAX | PERF I Brand,162,172,hotel_3
69,2024-09-19,google,cpc,HU | GSN | PERF I Brand,145,167,hotel_3
70,2024-09-19,google,cpc,(not set),124,140,hotel_3
71,2024-09-19,facebook,cpc,campaign_19,82,84,hotel_3
72,2024-09-19,google,cpc,campaign_22,27,51,hotel_3
73,2024-09-19,facebook,cpc,campaign_20,45,48,hotel_3
74,2024-09-19,facebook,cpc,campaign_21,22,33,hotel_3
75,2024-09-19,hirlevel_s1,newsletter,hirlevel_c1,22,31,hotel_3
76,2024-09-19,google,cpc,campaign_24,24,25,hotel_3
77,2024-09-19,bing,cpc,campaign_2,21,23,hotel_3
78,2024-09-19,facebook,referral,(referral),14,22,hotel_3
79,2024-09-19,google,cpc,campaign_25,10,22,hotel_3
80,2024-09-19,facebook,referral,(referral),19,21,hotel_3
81,2024-09-19,instagram,referral,(referral),13,18,hotel_3
82,2024-09-19,google,cpc,campaign_23,13,18,hotel_3
83,2024-09-19,bing,organic,(organic),15,17,hotel_3
84,2024-09-19,bing,cpc,campaign_5,4,16,hotel_3
85,2024-09-19,google,cpc,HU | GDN | ENGM I Programok '24,12,12,hotel_3
86,2024-09-19,instagram,referral,(referral),11,11,hotel_3
87,2024-09-19,google,cpc,DE | pMAX | PERF I Brand,8,10,hotel_3
88,2024-09-19,hirlevel_s5,newsletter,hirlevel_c4,8,9,hotel_3
89,2024-09-19,google,organic,(not set),1,8,hotel_3
90,2024-09-19,redir.d-edgeconnect.media,referral,(referral),6,8,hotel_3
91,2024-09-19,webmail.telekom.hu,referral,(referral),6,7,hotel_3
92,2024-09-19,ajanlat,offline,proposal-by-phone,5,7,hotel_3
93,2024-09-19,hotelcms.hu,referral,(referral),1,6,hotel_3
94,2024-09-19,google,cpc,campaign_27,2,6,hotel_3
95,2024-09-19,google,cpc,campaign_28,1,6,hotel_3
96,2024-09-19,hirlevel_s3,newsletter,hirlevel_c2,4,6,hotel_3
97,2024-09-19,ajanlat,offline,campaign_10,3,6,hotel_3
98,2024-09-19,phone,offline,proposal-by-phone,4,6,hotel_3
99,2024-09-19,bing,cpc,campaign_14,3,5,hotel_3
100,2024-09-19,google,cpc,campaign_33,3,5,hotel_3
101,2024-09-19,app.zoomsphere.com,referral,(referral),2,4,hotel_3
102,2024-09-19,google,referral,(referral),2,4,hotel_3
103,2024-09-19,zadirweb.com,referral,(referral),1,4,hotel_3
104,2024-09-19,source_4,referral,(referral),2,3,hotel_3
105,2024-09-19,gmail.hu,referral,(referral),3,3,hotel_3
106,2024-09-19,otpbankdirekt.hu,referral,(referral),2,3,hotel_3
107,2024-09-19,romaniatv.net,referral,(referral),2,3,hotel_3
108,2024-09-19,zadir.hu,referral,(referral),1,3,hotel_3
109,2024-09-19,google,cpc,campaign_26,3,3,hotel_3
110,2024-09-19,(direct),(none),(not set),2,2,hotel_3
111,2024-09-19,deref-gmx.net,referral,(referral),1,2,hotel_3
112,2024-09-19,economica.net,referral,(referral),1,2,hotel_3
113,2024-09-19,google,cpc,(referral),1,2,hotel_3
114,2024-09-19,leadersnet.at,referral,(referral),1,2,hotel_3
115,2024-09-19,facebook,referral,(referral),2,2,hotel_3
116,2024-09-19,m.gmail.hu,referral,(referral),2,2,hotel_3
117,2024-09-19,mail.centrum.sk,referral,(referral),1,2,hotel_3
118,2024-09-19,outlook.live.com,referral,(referral),1,2,hotel_3
119,2024-09-19,youtube.com,referral,(referral),1,2,hotel_3
120,2024-09-19,bing,cpc,HU | PERF | Desztináció,0,2,hotel_3
121,2024-09-19,facebook,cpc,campaign_1,2,2,hotel_3
122,2024-09-19,google,organic,(not set),1,1,hotel_3
123,2024-09-19,ecosia.org,organic,(organic),1,1,hotel_3
124,2024-09-19,click.pstmrk.it,referral,(referral),1,1,hotel_3
125,2024-09-19,cn.bing.com,referral,(referral),1,1,hotel_3
126,2024-09-19,kereso.startlap.hu,referral,(referral),1,1,hotel_3
127,2024-09-19,lightmailer-bap.gmx.net,referral,(referral),1,1,hotel_3
128,2024-09-19,source_17,referral,(referral),1,1,hotel_3
129,2024-09-19,fb,paid,campaign_34,1,1,hotel_3
130,2024-09-19,bing,cpc,campaign_35,0,1,hotel_3
131,2024-09-19,google,cpc,campaign_36,1,1,hotel_3
132,2024-09-19,google,cpc,campaign_30,1,1,hotel_3
133,2024-09-19,bing,cpc,HU | GSN | Brand,1,1,hotel_3
134,2024-09-19,bing,cpc,HU | GSN | Lokáció - All,0,1,hotel_3
135,2024-09-19,google,cpc,campaign_37,1,1,hotel_3
136,2024-09-19,loyalty,email,loyalty-email,1,1,hotel_3
137,2024-09-20,(not set),(not set),(not set),416,536,hotel_3
138,2024-09-20,(direct),(none),(direct),242,264,hotel_3
139,2024-09-20,google,cpc,(organic),200,220,hotel_3
140,2024-09-20,google,organic,(organic),132,156,hotel_3
141,2024-09-20,google,cpc,HU | GSN | PERF I Brand,125,143,hotel_3
142,2024-09-20,google,cpc,HU | pMAX | PERF I Brand,128,136,hotel_3
143,2024-09-20,google,cpc,(not set),110,116,hotel_3
144,2024-09-20,facebook,cpc,campaign_19,92,94,hotel_3
145,2024-09-20,facebook,cpc,campaign_20,39,43,hotel_3
146,2024-09-20,facebook,cpc,campaign_21,28,28,hotel_3
147,2024-09-20,google,cpc,campaign_22,27,27,hotel_3
148,2024-09-20,bing,organic,(organic),17,24,hotel_3
149,2024-09-20,bing,cpc,campaign_2,24,24,hotel_3
150,2024-09-20,google,cpc,campaign_25,14,19,hotel_3
151,2024-09-20,facebook,referral,(referral),14,17,hotel_3
152,2024-09-20,google,cpc,DE | pMAX | PERF I Brand,13,17,hotel_3
153,2024-09-20,google,cpc,campaign_24,16,16,hotel_3
154,2024-09-20,redir.d-edgeconnect.media,referral,(referral),9,15,hotel_3
155,2024-09-20,instagram,referral,(referral),14,14,hotel_3
156,2024-09-20,google,cpc,HU | GDN | ENGM I Programok '24,8,13,hotel_3
157,2024-09-20,facebook,referral,(referral),5,11,hotel_3
158,2024-09-20,google,cpc,campaign_23,11,11,hotel_3
159,2024-09-20,facebook,cpc,campaign_1,7,9,hotel_3
160,2024-09-20,hirlevel_s1,newsletter,hirlevel_c1,8,9,hotel_3
161,2024-09-20,instagram,referral,(referral),8,8,hotel_3
162,2024-09-20,google,cpc,campaign_27,5,8,hotel_3
163,2024-09-20,ajanlat,offline,campaign_10,4,7,hotel_3
164,2024-09-20,bing,cpc,campaign_5,2,5,hotel_3
165,2024-09-20,loyalty,email,loyalty-email,2,5,hotel_3
166,2024-09-20,(direct),(none),(not set),3,4,hotel_3
167,2024-09-20,cdn.respond.io,referral,(not set),1,4,hotel_3
168,2024-09-20,google,cpc,(referral),1,4,hotel_3
169,2024-09-20,google,cpc,campaign_26,2,4,hotel_3
170,2024-09-20,hirlevel_s5,newsletter,hirlevel_c4,4,4,hotel_3
171,2024-09-20,phone,offline,proposal-by-phone,2,4,hotel_3
172,2024-09-20,facebook,referral,(referral),2,3,hotel_3
173,2024-09-20,bing,cpc,HU | PERF | Lokáció - All,0,3,hotel_3
174,2024-09-20,deref-gmx.net,referral,(not set),2,2,hotel_3
175,2024-09-20,google,organic,(not set),2,2,hotel_3
176,2024-09-20,live,organic,(not set),1,2,hotel_3
177,2024-09-20,leadersnet.at,referral,(referral),1,2,hotel_3
178,2024-09-20,google,referral,(referral),1,2,hotel_3
179,2024-09-20,bing,cpc,campaign_14,2,2,hotel_3
180,2024-09-20,google,cpc,campaign_36,1,2,hotel_3
181,2024-09-20,google,cpc,campaign_32,2,2,hotel_3
182,2024-09-20,bing,cpc,HU | PERF | Desztináció,2,2,hotel_3
183,2024-09-20,hirlevel_s3,newsletter,hirlevel_c2,2,2,hotel_3
184,2024-09-20,source_4,referral,(referral),1,1,hotel_3
185,2024-09-20,app.zoomsphere.com,referral,(referral),1,1,hotel_3
186,2024-09-20,cdn.respond.io,referral,(referral),1,1,hotel_3
187,2024-09-20,deref-gmx.net,referral,(referral),1,1,hotel_3
188,2024-09-20,e.issuu.com,referral,(referral),1,1,hotel_3
189,2024-09-20,source_1,referral,(referral),0,1,hotel_3
190,2024-09-20,lightmailer-bs.gmx.net,referral,(referral),1,1,hotel_3
191,2024-09-20,otpbankdirekt.hu,referral,(referral),0,1,hotel_3
192,2024-09-20,t-mail.centrum.sk,referral,(referral),1,1,hotel_3
193,2024-09-20,source_17,referral,(referral),1,1,hotel_3
194,2024-09-20,wellcard.at,referral,(referral),1,1,hotel_3
195,2024-09-20,wellcard.de,referral,(referral),1,1,hotel_3
196,2024-09-20,zadir.hu,referral,(referral),1,1,hotel_3
197,2024-09-20,ig,paid,campaign_12,1,1,hotel_3
198,2024-09-20,fb,paid,campaign_7,1,1,hotel_3
199,2024-09-20,bing,cpc,AT | PERF | Brand,1,1,hotel_3
200,2024-09-20,google,cpc,campaign_33,1,1,hotel_3
201,2024-09-20,instagram,cpc,campaign_38,1,1,hotel_3
202,2024-09-20,google,cpc,campaign_37,1,1,hotel_3
203,2024-09-20,ajanlat,offline,proposal-by-phone,0,1,hotel_3
204,2024-09-21,(not set),(not set),(not set),389,566,hotel_3
205,2024-09-21,google,cpc,(organic),219,247,hotel_3
206,2024-09-21,(direct),(none),(direct),188,207,hotel_3
207,2024-09-21,google,cpc,HU | pMAX | PERF I Brand,130,144,hotel_3
208,2024-09-21,google,cpc,HU | GSN | PERF I Brand,85,130,hotel_3
209,2024-09-21,google,organic,(organic),106,125,hotel_3
210,2024-09-21,google,cpc,(not set),100,109,hotel_3
211,2024-09-21,facebook,cpc,campaign_19,71,74,hotel_3
212,2024-09-21,facebook,cpc,campaign_21,35,45,hotel_3
213,2024-09-21,bing,cpc,campaign_2,37,40,hotel_3
214,2024-09-21,google,cpc,campaign_24,29,30,hotel_3
215,2024-09-21,facebook,cpc,campaign_20,27,27,hotel_3
216,2024-09-21,google,cpc,campaign_22,15,22,hotel_3
217,2024-09-21,facebook,referral,(referral),17,17,hotel_3
218,2024-09-21,google,cpc,campaign_23,14,15,hotel_3
219,2024-09-21,google,cpc,campaign_27,7,13,hotel_3
220,2024-09-21,google,cpc,DE | pMAX | PERF I Brand,12,13,hotel_3
221,2024-09-21,bing,organic,(organic),5,12,hotel_3
222,2024-09-21,facebook,referral,(referral),9,10,hotel_3
223,2024-09-21,google,cpc,HU | GDN | ENGM I Programok '24,7,9,hotel_3
224,2024-09-21,google,cpc,campaign_25,8,9,hotel_3
225,2024-09-21,hirlevel_s1,newsletter,hirlevel_c1,1,9,hotel_3
226,2024-09-21,redir.d-edgeconnect.media,referral,(referral),6,7,hotel_3
227,2024-09-21,instagram,referral,(referral),2,4,hotel_3
228,2024-09-21,google,referral,(referral),1,4,hotel_3
229,2024-09-21,bing,cpc,campaign_14,4,4,hotel_3
230,2024-09-21,google,cpc,campaign_26,1,4,hotel_3
231,2024-09-21,hirlevel_s5,newsletter,hirlevel_c4,3,4,hotel_3
232,2024-09-21,loyalty,email,loyalty-email,1,4,hotel_3
233,2024-09-21,cdn.respond.io,referral,(not set),1,3,hotel_3
234,2024-09-21,google,cpc,(referral),3,3,hotel_3
235,2024-09-21,instagram,referral,(referral),0,3,hotel_3
236,2024-09-21,google,cpc,campaign_30,3,3,hotel_3
237,2024-09-21,google,organic,(not set),2,2,hotel_3
238,2024-09-21,live,organic,(not set),1,2,hotel_3
239,2024-09-21,cdn.respond.io,referral,(referral),1,2,hotel_3
240,2024-09-21,facebook,referral,(referral),2,2,hotel_3
241,2024-09-21,thermengutscheine.at,referral,(referral),1,2,hotel_3
242,2024-09-21,google,cpc,campaign_33,1,2,hotel_3
243,2024-09-21,google,cpc,campaign_36,1,2,hotel_3
244,2024-09-21,bing,cpc,HU | PERF | Lokáció - All,2,2,hotel_3
245,2024-09-21,facebook,cpc,campaign_1,1,2,hotel_3
246,2024-09-21,ajanlat,email,campaign_15,1,2,hotel_3
247,2024-09-21,facebook,referral,(not set),1,1,hotel_3
248,2024-09-21,google,organic,(not set),0,1,hotel_3
249,2024-09-21,duckduckgo,organic,(organic),1,1,hotel_3
250,2024-09-21,ecosia.org,organic,(organic),1,1,hotel_3
251,2024-09-21,source_4,referral,(referral),0,1,hotel_3
252,2024-09-21,deref-gmx.net,referral,(referral),0,1,hotel_3
253,2024-09-21,glamour.hu,referral,(referral),1,1,hotel_3
254,2024-09-21,m.gmail.hu,referral,(referral),1,1,hotel_3
255,2024-09-21,webmail.telekom.hu,referral,(referral),1,1,hotel_3
256,2024-09-21,wellcard.at,referral,(referral),1,1,hotel_3
257,2024-09-21,google,cpc,campaign_29,1,1,hotel_3
258,2024-09-21,bing,cpc,DE | PERF | Brand,1,1,hotel_3
259,2024-09-21,bing,cpc,campaign_5,0,1,hotel_3
260,2024-09-21,google,cpc,campaign_28,1,1,hotel_3
261,2024-09-21,hirlevel_s3,newsletter,hirlevel_c2,0,1,hotel_3
262,2024-09-21,ajanlat,offline,proposal-by-phone,1,1,hotel_3
263,2024-09-22,(not set),(not set),(not set),494,668,hotel_3
264,2024-09-22,google,cpc,(organic),243,282,hotel_3
265,2024-09-22,(direct),(none),(direct),208,233,hotel_3
266,2024-09-22,google,cpc,HU | pMAX | PERF I Brand,164,173,hotel_3
267,2024-09-22,google,cpc,(not set),128,146,hotel_3
268,2024-09-22,google,cpc,HU | GSN | PERF I Brand,124,140,hotel_3
269,2024-09-22,google,organic,(organic),125,138,hotel_3
270,2024-09-22,facebook,cpc,campaign_19,105,107,hotel_3
271,2024-09-22,facebook,cpc,campaign_21,55,58,hotel_3
272,2024-09-22,bing,cpc,campaign_2,26,34,hotel_3
273,2024-09-22,facebook,cpc,campaign_20,27,29,hotel_3
274,2024-09-22,facebook,referral,(referral),23,24,hotel_3
275,2024-09-22,google,cpc,campaign_23,22,24,hotel_3
276,2024-09-22,google,cpc,DE | pMAX | PERF I Brand,24,24,hotel_3
277,2024-09-22,google,cpc,campaign_22,20,24,hotel_3
278,2024-09-22,redir.d-edgeconnect.media,referral,(referral),15,19,hotel_3
279,2024-09-22,google,cpc,campaign_24,19,19,hotel_3
280,2024-09-22,facebook,referral,(referral),12,15,hotel_3
281,2024-09-22,instagram,referral,(referral),5,14,hotel_3
282,2024-09-22,hirlevel_s1,newsletter,hirlevel_c1,4,13,hotel_3
283,2024-09-22,google,cpc,campaign_25,8,11,hotel_3
284,2024-09-22,bing,organic,(organic),5,10,hotel_3
285,2024-09-22,google,cpc,HU | GDN | ENGM I Programok '24,7,9,hotel_3
286,2024-09-22,facebook,referral,(referral),6,6,hotel_3
287,2024-09-22,google,cpc,campaign_27,5,5,hotel_3
288,2024-09-22,hirlevel_s3,newsletter,hirlevel_c2,1,5,hotel_3
289,2024-09-22,google,cpc,(referral),4,4,hotel_3
290,2024-09-22,google,cpc,campaign_28,4,4,hotel_3
291,2024-09-22,(direct),(none),(not set),1,3,hotel_3
292,2024-09-22,google,cpc,campaign_26,2,3,hotel_3
293,2024-09-22,phone,offline,proposal-by-phone,1,3,hotel_3
294,2024-09-22,cdn.respond.io,referral,(not set),1,2,hotel_3
295,2024-09-22,facebook,referral,(not set),2,2,hotel_3
296,2024-09-22,instagram,referral,(referral),0,2,hotel_3
297,2024-09-22,kereso.startlap.hu,referral,(referral),2,2,hotel_3
298,2024-09-22,google,referral,(referral),1,2,hotel_3
299,2024-09-22,romaniatv.net,referral,(referral),2,2,hotel_3
300,2024-09-22,google,cpc,campaign_33,1,2,hotel_3
301,2024-09-22,bing,cpc,campaign_5,1,2,hotel_3
302,2024-09-22,bing,cpc,HU | PERF | Lokáció - All,2,2,hotel_3
303,2024-09-22,ajanlat,email,campaign_15,1,2,hotel_3
304,2024-09-22,deref-gmx.net,referral,(not set),0,1,hotel_3
305,2024-09-22,google,organic,(not set),0,1,hotel_3
306,2024-09-22,click.pstmrk.it,referral,(referral),1,1,hotel_3
307,2024-09-22,deref-gmx.net,referral,(referral),1,1,hotel_3
308,2024-09-22,dovolenanamiru.com,referral,(referral),1,1,hotel_3
309,2024-09-22,source_18,referral,(referral),1,1,hotel_3
310,2024-09-22,wellcard.at,referral,(referral),1,1,hotel_3
311,2024-09-22,ig,paid,campaign_12,1,1,hotel_3
312,2024-09-22,bing,cpc,AT | PERF | Brand,0,1,hotel_3
313,2024-09-22,google,cpc,campaign_30,1,1,hotel_3
314,2024-09-22,bing,cpc,DE | PERF | Lokáció,1,1,hotel_3
315,2024-09-22,facebook,cpc,campaign_1,1,1,hotel_3
316,2024-09-22,google,cpc,campaign_37,0,1,hotel_3
317,2024-09-22,hirlevel_s5,newsletter,hirlevel_c4,0,1,hotel_3
318,2024-09-22,ajanlat,offline,campaign_10,0,1,hotel_3
319,2024-09-22,ajanlat,offline,proposal-by-phone,1,1,hotel_3
320,2024-09-23,(not set),(not set),(not set),560,755,hotel_3
321,2024-09-23,google,cpc,(organic),289,331,hotel_3
322,2024-09-23,(direct),(none),(direct),252,299,hotel_3
323,2024-09-23,google,organic,(organic),184,223,hotel_3
324,2024-09-23,google,cpc,HU | GSN | PERF I Brand,143,160,hotel_3
325,2024-09-23,google,cpc,HU | pMAX | PERF I Brand,147,157,hotel_3
326,2024-09-23,google,cpc,(not set),135,143,hotel_3
327,2024-09-23,facebook,cpc,campaign_21,129,132,hotel_3
328,2024-09-23,facebook,cpc,campaign_19,99,103,hotel_3
329,2024-09-23,bing,cpc,campaign_2,23,50,hotel_3
330,2024-09-23,facebook,referral,(referral),36,40,hotel_3
331,2024-09-23,facebook,cpc,campaign_20,38,40,hotel_3
332,2024-09-23,facebook,referral,(referral),26,28,hotel_3
333,2024-09-23,google,cpc,DE | pMAX | PERF I Brand,25,26,hotel_3
334,2024-09-23,google,cpc,campaign_22,24,26,hotel_3
335,2024-09-23,google,cpc,campaign_23,10,16,hotel_3
336,2024-09-23,bing,organic,(organic),10,14,hotel_3
337,2024-09-23,google,cpc,campaign_25,12,14,hotel_3
338,2024-09-23,instagram,referral,(referral),10,13,hotel_3
339,2024-09-23,redir.d-edgeconnect.media,referral,(referral),8,10,hotel_3
340,2024-09-23,google,cpc,campaign_27,5,9,hotel_3
341,2024-09-23,google,cpc,campaign_24,3,9,hotel_3
342,2024-09-23,ajanlat,offline,campaign_10,5,9,hotel_3
343,2024-09-23,bing,cpc,campaign_14,2,8,hotel_3
344,2024-09-23,ajanlat,offline,proposal-by-phone,0,7,hotel_3
345,2024-09-23,google,organic,(not set),6,6,hotel_3
346,2024-09-23,instagram,referral,(referral),6,6,hotel_3
347,2024-09-23,google,cpc,HU | GDN | ENGM I Programok '24,5,6,hotel_3
348,2024-09-23,google,cpc,(referral),5,5,hotel_3
349,2024-09-23,facebook,referral,(referral),4,5,hotel_3
350,2024-09-23,loyalty,email,loyalty-email,1,4,hotel_3
351,2024-09-23,source_17,referral,(referral),2,3,hotel_3
352,2024-09-23,ig,paid,campaign_12,2,3,hotel_3
353,2024-09-23,google,cpc,campaign_30,2,3,hotel_3
354,2024-09-23,google,cpc,campaign_29,1,3,hotel_3
355,2024-09-23,bing,cpc,campaign_5,3,3,hotel_3
356,2024-09-23,facebook,cpc,campaign_1,2,3,hotel_3
357,2024-09-23,(direct),(none),(not set),1,2,hotel_3
358,2024-09-23,director-web.ro,referral,(referral),1,2,hotel_3
359,2024-09-23,economica.net,referral,(referral),2,2,hotel_3
360,2024-09-23,hotelcms.hu,referral,(referral),1,2,hotel_3
361,2024-09-23,thermenhotels.at,referral,(referral),1,2,hotel_3
362,2024-09-23,wellcard.at,referral,(referral),0,2,hotel_3
363,2024-09-23,zadirweb.com,referral,(referral),2,2,hotel_3
364,2024-09-23,google,cpc,campaign_26,2,2,hotel_3
365,2024-09-23,google,cpc,campaign_33,2,2,hotel_3
366,2024-09-23,google,cpc,campaign_28,2,2,hotel_3
367,2024-09-23,ajanlat,email,campaign_15,1,2,hotel_3
368,2024-09-23,phone,offline,proposal-by-phone,2,2,hotel_3
369,2024-09-23,ecosia.org,organic,(organic),1,1,hotel_3
370,2024-09-23,dailybusiness.ro,referral,(referral),1,1,hotel_3
371,2024-09-23,source_11,referral,(referral),1,1,hotel_3
372,2024-09-23,lightmailer-bs.gmx.net,referral,(referral),1,1,hotel_3
373,2024-09-23,google,referral,(referral),1,1,hotel_3
374,2024-09-23,romaniatv.net,referral,(referral),1,1,hotel_3
375,2024-09-23,t-mail.centrum.sk,referral,(referral),0,1,hotel_3
376,2024-09-23,thermengutscheine.at,referral,(referral),1,1,hotel_3
377,2024-09-23,fb,paid,campaign_7,1,1,hotel_3
378,2024-09-23,google,cpc,campaign_32,1,1,hotel_3
379,2024-09-23,bing,cpc,HU | PERF | Lokáció - All,1,1,hotel_3
380,2024-09-23,google,cpc,campaign_37,0,1,hotel_3
381,2024-09-23,bing,cpc,campaign_39,1,1,hotel_3
382,2024-09-23,hirlevel_s3,newsletter,hirlevel_c2,1,1,hotel_3
383,2024-09-23,hirlevel_s1,newsletter,hirlevel_c1,1,1,hotel_3
384,2024-09-24,(not set),(not set),(not set),593,778,hotel_3
385,2024-09-24,(direct),(none),(direct),674,712,hotel_3
386,2024-09-24,google,cpc,(organic),304,335,hotel_3
387,2024-09-24,google,organic,(organic),174,197,hotel_3
388,2024-09-24,google,cpc,HU | pMAX | PERF I Brand,184,192,hotel_3
389,2024-09-24,google,cpc,(not set),168,182,hotel_3
390,2024-09-24,google,cpc,HU | GSN | PERF I Brand,142,165,hotel_3
391,2024-09-24,facebook,cpc,campaign_21,126,134,hotel_3
392,2024-09-24,facebook,cpc,campaign_19,104,105,hotel_3
393,2024-09-24,bing,cpc,campaign_2,25,46,hotel_3
394,2024-09-24,google,cpc,campaign_24,40,40,hotel_3
395,2024-09-24,facebook,cpc,campaign_20,21,35,hotel_3
396,2024-09-24,google,cpc,DE | pMAX | PERF I Brand,33,33,hotel_3
397,2024-09-24,facebook,referral,(referral),32,32,hotel_3
398,2024-09-24,google,cpc,campaign_23,27,29,hotel_3
399,2024-09-24,google,cpc,campaign_22,19,27,hotel_3
400,2024-09-24,facebook,referral,(referral),18,23,hotel_3
401,2024-09-24,google,cpc,campaign_25,16,16,hotel_3
402,2024-09-24,google,cpc,campaign_27,13,14,hotel_3
403,2024-09-24,bing,organic,(organic),10,13,hotel_3
404,2024-09-24,google,organic,(not set),5,11,hotel_3
405,2024-09-24,bing,cpc,campaign_14,6,11,hotel_3
406,2024-09-24,instagram,referral,(referral),8,10,hotel_3
407,2024-09-24,google,cpc,HU | GDN | ENGM I Programok '24,4,7,hotel_3
408,2024-09-24,webmail.telekom.hu,referral,(referral),0,6,hotel_3
409,2024-09-24,ajanlat,email,campaign_15,2,6,hotel_3
410,2024-09-24,google,cpc,(referral),3,5,hotel_3
411,2024-09-24,facebook,cpc,campaign_1,3,5,hotel_3
412,2024-09-24,click.pstmrk.it,referral,(referral),2,4,hotel_3
413,2024-09-24,instagram,referral,(referral),4,4,hotel_3
414,2024-09-24,facebook,referral,(referral),2,4,hotel_3
415,2024-09-24,redir.d-edgeconnect.media,referral,(referral),4,4,hotel_3
416,2024-09-24,google,cpc,campaign_29,1,4,hotel_3
417,2024-09-24,hirlevel_s5,newsletter,hirlevel_c4,0,4,hotel_3
418,2024-09-24,youtube.com,referral,(referral),3,3,hotel_3
419,2024-09-24,google,cpc,campaign_26,2,3,hotel_3
420,2024-09-24,google,cpc,campaign_33,3,3,hotel_3
421,2024-09-24,google,cpc,campaign_30,2,3,hotel_3
422,2024-09-24,bing,cpc,HU | PERF | Lokáció - All,1,3,hotel_3
423,2024-09-24,google,cpc,campaign_28,2,3,hotel_3
424,2024-09-24,qwant.com,organic,(organic),2,2,hotel_3
425,2024-09-24,google,referral,(referral),1,2,hotel_3
426,2024-09-24,romaniatv.net,referral,(referral),2,2,hotel_3
427,2024-09-24,bing,cpc,campaign_5,1,2,hotel_3
428,2024-09-24,bing,cpc,HU | PERF | Brand,2,2,hotel_3
429,2024-09-24,bing,cpc,campaign_39,2,2,hotel_3
430,2024-09-24,ajanlat,offline,proposal-by-phone,0,2,hotel_3
431,2024-09-24,(direct),(none),(not set),1,1,hotel_3
432,2024-09-24,cdn.respond.io,referral,(not set),0,1,hotel_3
433,2024-09-24,source_9,(not set),(not set),1,1,hotel_3
434,2024-09-24,ecosia.org,organic,(organic),1,1,hotel_3
435,2024-09-24,192.168.8.1,referral,(referral),1,1,hotel_3
436,2024-09-24,dailybusiness.ro,referral,(referral),1,1,hotel_3
437,2024-09-24,kereso.startlap.hu,referral,(referral),1,1,hotel_3
438,2024-09-24,source_11,referral,(referral),1,1,hotel_3
439,2024-09-24,morgens.hu,referral,(referral),1,1,hotel_3
440,2024-09-24,otpbankdirekt.hu,referral,(referral),1,1,hotel_3
441,2024-09-24,source_9,referral,(referral),1,1,hotel_3
442,2024-09-24,thermengutscheine.at,referral,(referral),1,1,hotel_3
443,2024-09-24,wellcard.at,referral,(referral),0,1,hotel_3
444,2024-09-24,zadirweb.com,referral,(referral),1,1,hotel_3
445,2024-09-24,ig,paid,campaign_12,1,1,hotel_3
446,2024-09-24,hirlevel_s3,newsletter,hirlevel_c2,1,1,hotel_3
447,2024-09-24,hirlevel_s1,newsletter,hirlevel_c1,1,1,hotel_3
448,2024-09-24,loyalty,email,loyalty-email,1,1,hotel_3
449,2024-09-24,ajanlat,offline,campaign_10,1,1,hotel_3
450,2024-09-25,google,cpc,(organic),255,288,hotel_3
451,2024-09-25,(direct),(none),(direct),211,237,hotel_3
452,2024-09-25,google,organic,(organic),147,171,hotel_3
453,2024-09-25,google,cpc,HU | GSN | PERF I Brand,142,160,hotel_3
454,2024-09-25,google,cpc,(not set),136,151,hotel_3
455,2024-09-25,facebook,cpc,campaign_21,142,147,hotel_3
456,2024-09-25,google,cpc,HU | pMAX | PERF I Brand,121,127,hotel_3
457,2024-09-25,facebook,cpc,campaign_19,58,58,hotel_3
458,2024-09-25,bing,cpc,campaign_2,26,31,hotel_3
459,2024-09-25,facebook,referral,(referral),30,30,hotel_3
460,2024-09-25,google,cpc,campaign_22,16,27,hotel_3
461,2024-09-25,google,cpc,campaign_24,25,25,hotel_3
462,2024-09-25,google,cpc,DE | pMAX | PERF I Brand,17,19,hotel_3
463,2024-09-25,facebook,cpc,campaign_20,8,16,hotel_3
464,2024-09-25,bing,organic,(organic),7,15,hotel_3
465,2024-09-25,facebook,referral,(referral),14,14,hotel_3
466,2024-09-25,google,cpc,campaign_27,9,13,hotel_3
467,2024-09-25,instagram,referral,(referral),7,12,hotel_3
468,2024-09-25,google,cpc,campaign_23,7,10,hotel_3
469,2024-09-25,redir.d-edgeconnect.media,referral,(referral),1,9,hotel_3
470,2024-09-25,facebook,cpc,campaign_1,2,9,hotel_3
471,2024-09-25,ajanlat,offline,campaign_10,7,9,hotel_3
472,2024-09-25,google,cpc,campaign_25,6,8,hotel_3
473,2024-09-25,instagram,referral,(referral),4,6,hotel_3
474,2024-09-25,facebook,referral,(referral),3,6,hotel_3
475,2024-09-25,hotelcms.hu,referral,(referral),1,5,hotel_3
476,2024-09-25,google,referral,(referral),2,5,hotel_3
477,2024-09-25,source_17,referral,(referral),1,5,hotel_3
478,2024-09-25,bing,cpc,campaign_14,4,5,hotel_3
479,2024-09-25,google,organic,(not set),2,4,hotel_3
480,2024-09-25,google,cpc,HU | GDN | ENGM I Programok '24,4,4,hotel_3
481,2024-09-25,(direct),(none),(not set),2,3,hotel_3
482,2024-09-25,bing,cpc,campaign_5,0,3,hotel_3
483,2024-09-25,bing,cpc,HU | PERF | Lokáció - All,3,3,hotel_3
484,2024-09-25,click.pstmrk.it,referral,(referral),1,2,hotel_3
485,2024-09-25,google,cpc,campaign_26,2,2,hotel_3
486,2024-09-25,google,cpc,campaign_33,0,2,hotel_3
487,2024-09-25,google,cpc,campaign_29,0,2,hotel_3
488,2024-09-25,google,cpc,campaign_32,0,2,hotel_3
489,2024-09-25,google,cpc,campaign_28,2,2,hotel_3
490,2024-09-25,www.qwant.com,referral,(not set),1,1,hotel_3
491,2024-09-25,qwant.com,organic,(organic),1,1,hotel_3
492,2024-09-25,app.zoomsphere.com,referral,(referral),1,1,hotel_3
493,2024-09-25,dailybusiness.ro,referral,(referral),0,1,hotel_3
494,2024-09-25,google,cpc,(referral),1,1,hotel_3
495,2024-09-25,source_11,referral,(referral),0,1,hotel_3
496,2024-09-25,otpbankdirekt.hu,referral,(referral),1,1,hotel_3
497,2024-09-25,wellcard.at,referral,(referral),1,1,hotel_3
498,2024-09-25,ig,paid,campaign_12,0,1,hotel_3
499,2024-09-25,fb,paid,campaign_7,0,1,hotel_3
500,2024-09-25,bing,cpc,AT | PERF | Brand,1,1,hotel_3
501,2024-09-25,bing,cpc,HU | PERF | Brand,1,1,hotel_3
502,2024-09-25,hirlevel_s1,newsletter,hirlevel_c1,1,1,hotel_3
503,2024-09-25,loyalty,email,loyalty-email,0,1,hotel_3
504,2024-09-25,ajanlat,offline,proposal-by-phone,1,1,hotel_3
505,2024-09-25,phone,offline,proposal-by-phone,1,1,hotel_3
506,2024-09-26,(not set),(not set),(not set),575,744,hotel_3
507,2024-09-26,google,cpc,(organic),284,316,hotel_3
508,2024-09-26,google,organic,(organic),181,225,hotel_3
509,2024-09-26,google,cpc,HU | pMAX | PERF I Brand,208,211,hotel_3
510,2024-09-26,(direct),(none),(direct),197,210,hotel_3
511,2024-09-26,facebook,cpc,campaign_21,193,204,hotel_3
512,2024-09-26,google,cpc,(not set),183,194,hotel_3
513,2024-09-26,google,cpc,HU | GSN | PERF I Brand,118,145,hotel_3
514,2024-09-26,facebook,cpc,campaign_19,72,73,hotel_3
515,2024-09-26,bing,cpc,campaign_2,61,69,hotel_3
516,2024-09-26,google,cpc,campaign_24,62,63,hotel_3
517,2024-09-26,facebook,referral,(referral),48,49,hotel_3
518,2024-09-26,facebook,referral,(referral),33,36,hotel_3
519,2024-09-26,google,cpc,campaign_22,29,35,hotel_3
520,2024-09-26,google,cpc,DE | pMAX | PERF I Brand,31,33,hotel_3
521,2024-09-26,google,cpc,campaign_23,22,22,hotel_3
522,2024-09-26,bing,organic,(organic),15,19,hotel_3
523,2024-09-26,google,cpc,campaign_27,6,15,hotel_3
524,2024-09-26,facebook,cpc,campaign_20,6,14,hotel_3
525,2024-09-26,ajanlat,offline,campaign_10,8,13,hotel_3
526,2024-09-26,google,cpc,HU | GDN | ENGM I Programok '24,10,11,hotel_3
527,2024-09-26,instagram,referral,(referral),8,8,hotel_3
528,2024-09-26,instagram,referral,(referral),2,8,hotel_3
529,2024-09-26,bing,cpc,campaign_14,4,8,hotel_3
530,2024-09-26,ajanlat,email,campaign_15,4,8,hotel_3
531,2024-09-26,redir.d-edgeconnect.media,referral,(referral),6,7,hotel_3
532,2024-09-26,google,cpc,(referral),6,6,hotel_3
533,2024-09-26,google,cpc,campaign_25,4,6,hotel_3
534,2024-09-26,facebook,referral,(referral),5,5,hotel_3
535,2024-09-26,google,cpc,campaign_28,4,5,hotel_3
536,2024-09-26,thermengutscheine.at,referral,(referral),0,4,hotel_3
537,2024-09-26,economica.net,referral,(referral),3,3,hotel_3
538,2024-09-26,google,referral,(referral),1,3,hotel_3
539,2024-09-26,google,cpc,campaign_26,3,3,hotel_3
540,2024-09-26,facebook,cpc,campaign_1,1,3,hotel_3
541,2024-09-26,(direct),(none),(not set),0,2,hotel_3
542,2024-09-26,app.zoomsphere.com,referral,(referral),1,2,hotel_3
543,2024-09-26,hotelcms.hu,referral,(referral),1,2,hotel_3
544,2024-09-26,romaniatv.net,referral,(referral),1,2,hotel_3
545,2024-09-26,youtube.com,referral,(referral),0,2,hotel_3
546,2024-09-26,google,cpc,campaign_33,1,2,hotel_3
547,2024-09-26,bing,cpc,HU | PERF | Brand,0,2,hotel_3
548,2024-09-26,hirlevel_s3,newsletter,hirlevel_c2,1,2,hotel_3
549,2024-09-26,ajanlat,offline,proposal-by-phone,2,2,hotel_3
550,2024-09-26,google,organic,(not set),0,1,hotel_3
551,2024-09-26,qwant.com,organic,(organic),0,1,hotel_3
552,2024-09-26,click.pstmrk.it,referral,(referral),0,1,hotel_3
553,2024-09-26,kapu.hu,referral,(referral),1,1,hotel_3
554,2024-09-26,kereso.startlap.hu,referral,(referral),1,1,hotel_3
555,2024-09-26,source_11,referral,(referral),0,1,hotel_3
556,2024-09-26,lightmailer-bs.gmx.net,referral,(referral),1,1,hotel_3
557,2024-09-26,privacywall.org,referral,(referral),1,1,hotel_3
558,2024-09-26,source_9,referral,(referral),0,1,hotel_3
559,2024-09-26,webmail.telekom.hu,referral,(referral),1,1,hotel_3
560,2024-09-26,wellcard.at,referral,(referral),0,1,hotel_3
561,2024-09-26,zadir.hu,referral,(referral),1,1,hotel_3
562,2024-09-26,bing,cpc,AT | PERF | Brand,1,1,hotel_3
563,2024-09-26,bing,cpc,DE | PERF | Brand,1,1,hotel_3
564,2024-09-26,hirlevel_s1,newsletter,hirlevel_c1,1,1,hotel_3
565,2024-09-26,phone,offline,proposal-by-phone,1,1,hotel_3
566,2024-09-27,(not set),(not set),(not set),554,689,hotel_3
567,2024-09-27,google,cpc,(organic),238,272,hotel_3
568,2024-09-27,(direct),(none),(direct),231,262,hotel_3
569,2024-09-27,google,cpc,(not set),164,170,hotel_3
570,2024-09-27,google,organic,(organic),148,166,hotel_3
571,2024-09-27,google,cpc,HU | GSN | PERF I Brand,135,160,hotel_3
572,2024-09-27,google,cpc,HU | pMAX | PERF I Brand,151,153,hotel_3
573,2024-09-27,facebook,cpc,campaign_21,137,143,hotel_3
574,2024-09-27,facebook,cpc,campaign_19,86,86,hotel_3
575,2024-09-27,google,cpc,campaign_24,76,79,hotel_3
576,2024-09-27,google,cpc,DE | pMAX | PERF I Brand,31,34,hotel_3
577,2024-09-27,google,cpc,campaign_22,28,32,hotel_3
578,2024-09-27,bing,cpc,campaign_2,21,23,hotel_3
579,2024-09-27,google,cpc,campaign_23,18,21,hotel_3
580,2024-09-27,facebook,referral,(referral),18,20,hotel_3
581,2024-09-27,facebook,referral,(referral),15,19,hotel_3
582,2024-09-27,facebook,cpc,campaign_20,12,13,hotel_3
583,2024-09-27,ajanlat,offline,campaign_10,7,12,hotel_3
584,2024-09-27,google,cpc,campaign_25,7,11,hotel_3
585,2024-09-27,google,cpc,campaign_27,5,10,hotel_3
586,2024-09-27,bing,cpc,campaign_14,8,8,hotel_3
587,2024-09-27,bing,organic,(organic),2,7,hotel_3
588,2024-09-27,instagram,referral,(referral),7,7,hotel_3
589,2024-09-27,instagram,referral,(referral),6,6,hotel_3
590,2024-09-27,redir.d-edgeconnect.media,referral,(referral),6,6,hotel_3
591,2024-09-27,google,cpc,HU | GDN | ENGM I Programok '24,6,6,hotel_3
592,2024-09-27,google,cpc,campaign_28,3,5,hotel_3
593,2024-09-27,facebook,referral,(referral),3,3,hotel_3
594,2024-09-27,bing,cpc,HU | PERF | Lokáció - All,3,3,hotel_3
595,2024-09-27,source_19,referral,(referral),2,2,hotel_3
596,2024-09-27,app.zoomsphere.com,referral,(referral),1,2,hotel_3
597,2024-09-27,google,cpc,(referral),2,2,hotel_3
598,2024-09-27,otpbankdirekt.hu,referral,(referral),1,2,hotel_3
599,2024-09-27,wellcard.at,referral,(referral),1,2,hotel_3
600,2024-09-27,google,cpc,campaign_26,2,2,hotel_3
601,2024-09-27,google,cpc,campaign_30,2,2,hotel_3
602,2024-09-27,phone,offline,proposal-by-phone,0,2,hotel_3
603,2024-09-27,(direct),(none),(not set),0,1,hotel_3
604,2024-09-27,google,organic,(not set),1,1,hotel_3
605,2024-09-27,qwant.com,organic,(organic),0,1,hotel_3
606,2024-09-27,click.pstmrk.it,referral,(referral),1,1,hotel_3
607,2024-09-27,economica.net,referral,(referral),1,1,hotel_3
608,2024-09-27,glamour.hu,referral,(referral),1,1,hotel_3
609,2024-09-27,source_11,referral,(referral),1,1,hotel_3
610,2024-09-27,google,referral,(referral),1,1,hotel_3
611,2024-09-27,bing,cpc,AT | PERF | Brand,0,1,hotel_3
612,2024-09-27,google,cpc,campaign_29,1,1,hotel_3
613,2024-09-27,bing,cpc,HU | GSN | Lokáció - All,1,1,hotel_3
614,2024-09-27,bing,cpc,HU | PERF | Brand,1,1,hotel_3
615,2024-09-27,loyalty,email,loyalty-email,1,1,hotel_3
616,2024-09-27,ajanlat,email,campaign_15,1,1,hotel_3
617,2024-09-27,ajanlat,offline,proposal-by-phone,1,1,hotel_3
618,2024-09-27,email,offline,proposal-by-phone,1,1,hotel_3
619,2024-09-28,(not set),(not set),(not set),487,653,hotel_3
620,2024-09-28,google,cpc,(organic),243,280,hotel_3
621,2024-09-28,(direct),(none),(direct),209,240,hotel_3
622,2024-09-28,google,cpc,HU | pMAX | PERF I Brand,203,221,hotel_3
623,2024-09-28,google,cpc,(not set),188,198,hotel_3
624,2024-09-28,google,organic,(organic),148,174,hotel_3
625,2024-09-28,google,cpc,HU | GSN | PERF I Brand,125,146,hotel_3
626,2024-09-28,facebook,cpc,campaign_21,107,116,hotel_3
627,2024-09-28,facebook,cpc,campaign_19,84,86,hotel_3
628,2024-09-28,google,cpc,campaign_24,81,83,hotel_3
629,2024-09-28,google,cpc,DE | pMAX | PERF I Brand,33,34,hotel_3
630,2024-09-28,bing,cpc,campaign_2,31,34,hotel_3
631,2024-09-28,facebook,referral,(referral),30,32,hotel_3
632,2024-09-28,google,cpc,campaign_22,29,32,hotel_3
633,2024-09-28,google,cpc,campaign_23,23,30,hotel_3
634,2024-09-28,facebook,referral,(referral),21,22,hotel_3
635,2024-09-28,google,cpc,HU | GDN | ENGM I Programok '24,8,12,hotel_3
636,2024-09-28,google,cpc,campaign_25,12,12,hotel_3
637,2024-09-28,facebook,cpc,campaign_20,10,12,hotel_3
638,2024-09-28,google,cpc,campaign_27,6,10,hotel_3
639,2024-09-28,bing,organic,(organic),5,9,hotel_3
640,2024-09-28,ajanlat,offline,campaign_10,9,9,hotel_3
641,2024-09-28,instagram,referral,(referral),7,8,hotel_3
642,2024-09-28,ajanlat,offline,proposal-by-phone,5,8,hotel_3
643,2024-09-28,instagram,referral,(referral),6,7,hotel_3
644,2024-09-28,google,cpc,(referral),6,6,hotel_3
645,2024-09-28,facebook,referral,(referral),6,6,hotel_3
646,2024-09-28,redir.d-edgeconnect.media,referral,(referral),4,6,hotel_3
647,2024-09-28,ajanlat,email,campaign_15,4,6,hotel_3
648,2024-09-28,otpbankdirekt.hu,referral,(referral),4,4,hotel_3
649,2024-09-28,bing,cpc,campaign_14,2,4,hotel_3
650,2024-09-28,(direct),(none),(not set),1,3,hotel_3
651,2024-09-28,ecosia.org,organic,(organic),2,3,hotel_3
652,2024-09-28,google,cpc,campaign_33,3,3,hotel_3
653,2024-09-28,bing,cpc,HU | PERF | Lokáció - All,3,3,hotel_3
654,2024-09-28,google,cpc,campaign_28,3,3,hotel_3
655,2024-09-28,director-web.ro,referral,(referral),2,2,hotel_3
656,2024-09-28,source_16,referral,(referral),1,2,hotel_3
657,2024-09-28,bing,cpc,DE | PERF | Brand,1,2,hotel_3
658,2024-09-28,bing,cpc,HU | PERF | Desztináció,2,2,hotel_3
659,2024-09-28,(direct),(none),(not set),1,1,hotel_3
660,2024-09-28,gmail.hu,referral,(referral),1,1,hotel_3
661,2024-09-28,kapu.hu,referral,(referral),1,1,hotel_3
662,2024-09-28,kereso.startlap.hu,referral,(referral),1,1,hotel_3
663,2024-09-28,source_11,referral,(referral),1,1,hotel_3
664,2024-09-28,google,referral,(referral),1,1,hotel_3
665,2024-09-28,google,cpc,campaign_26,0,1,hotel_3
666,2024-09-28,google,cpc,campaign_30,1,1,hotel_3
667,2024-09-28,bing,cpc,campaign_5,1,1,hotel_3
668,2024-09-28,google,cpc,campaign_32,1,1,hotel_3
669,2024-09-28,facebook,cpc,campaign_1,0,1,hotel_3
670,2024-09-29,(not set),(not set),(not set),519,705,hotel_3
671,2024-09-29,google,cpc,(organic),288,320,hotel_3
672,2024-09-29,(direct),(none),(direct),205,226,hotel_3
673,2024-09-29,google,cpc,HU | pMAX | PERF I Brand,194,205,hotel_3
674,2024-09-29,google,cpc,(not set),179,192,hotel_3
675,2024-09-29,google,cpc,HU | GSN | PERF I Brand,163,190,hotel_3
676,2024-09-29,google,organic,(organic),173,189,hotel_3
677,2024-09-29,facebook,cpc,campaign_21,126,131,hotel_3
678,2024-09-29,facebook,cpc,campaign_19,93,96,hotel_3
679,2024-09-29,google,cpc,campaign_24,87,91,hotel_3
680,2024-09-29,google,cpc,campaign_22,39,45,hotel_3
681,2024-09-29,google,cpc,DE | pMAX | PERF I Brand,36,41,hotel_3
682,2024-09-29,facebook,referral,(referral),34,34,hotel_3
683,2024-09-29,google,cpc,campaign_23,28,33,hotel_3
684,2024-09-29,facebook,referral,(referral),30,30,hotel_3
685,2024-09-29,bing,cpc,campaign_2,22,23,hotel_3
686,2024-09-29,google,cpc,campaign_25,17,17,hotel_3
687,2024-09-29,facebook,cpc,campaign_20,9,14,hotel_3
688,2024-09-29,google,cpc,campaign_27,7,12,hotel_3
689,2024-09-29,bing,organic,(organic),6,9,hotel_3
690,2024-09-29,google,cpc,HU | GDN | ENGM I Programok '24,9,9,hotel_3
691,2024-09-29,facebook,referral,(referral),6,7,hotel_3
692,2024-09-29,instagram,referral,(referral),4,6,hotel_3
693,2024-09-29,ajanlat,offline,campaign_10,5,6,hotel_3
694,2024-09-29,redir.d-edgeconnect.media,referral,(referral),2,5,hotel_3
695,2024-09-29,bing,cpc,HU | PERF | Lokáció - All,3,5,hotel_3
696,2024-09-29,google,cpc,(referral),2,4,hotel_3
697,2024-09-29,wellcard.at,referral,(referral),2,4,hotel_3
698,2024-09-29,bing,cpc,campaign_14,2,4,hotel_3
699,2024-09-29,ecosia.org,organic,(organic),2,3,hotel_3
700,2024-09-29,instagram,referral,(referral),2,3,hotel_3
701,2024-09-29,google,cpc,campaign_28,3,3,hotel_3
702,2024-09-29,(direct),(none),(not set),2,2,hotel_3
703,2024-09-29,google,referral,(referral),1,2,hotel_3
704,2024-09-29,google,cpc,campaign_30,1,2,hotel_3
705,2024-09-29,bing,cpc,HU | PERF | Brand,1,2,hotel_3
706,2024-09-29,phone,offline,proposal-by-phone,1,2,hotel_3
707,2024-09-29,source_19,referral,(referral),0,1,hotel_3
708,2024-09-29,dailybusiness.ro,referral,(referral),0,1,hotel_3
709,2024-09-29,kereso.startlap.hu,referral,(referral),1,1,hotel_3
710,2024-09-29,otpbankdirekt.hu,referral,(referral),1,1,hotel_3
711,2024-09-29,webmail.telekom.hu,referral,(referral),1,1,hotel_3
712,2024-09-29,google,cpc,campaign_26,0,1,hotel_3
713,2024-09-29,google,cpc,campaign_33,1,1,hotel_3
714,2024-09-29,google,cpc,campaign_32,1,1,hotel_3
715,2024-09-29,facebook,cpc,campaign_1,1,1,hotel_3
716,2024-09-29,other,offline,proposal-by-phone,1,1,hotel_3
717,2024-09-30,(not set),(not set),(not set),518,664,hotel_3
718,2024-09-30,google,cpc,(organic),274,306,hotel_3
719,2024-09-30,(direct),(none),(direct),188,214,hotel_3
720,2024-09-30,google,organic,(organic),184,207,hotel_3
721,2024-09-30,google,cpc,HU | pMAX | PERF I Brand,183,200,hotel_3
722,2024-09-30,google,cpc,(not set),177,196,hotel_3
723,2024-09-30,google,cpc,HU | GSN | PERF I Brand,153,184,hotel_3
724,2024-09-30,facebook,cpc,campaign_21,100,113,hotel_3
725,2024-09-30,facebook,cpc,campaign_19,86,89,hotel_3
726,2024-09-30,google,cpc,campaign_24,74,79,hotel_3
727,2024-09-30,bing,cpc,campaign_2,39,40,hotel_3
728,2024-09-30,facebook,referral,(referral),37,38,hotel_3
729,2024-09-30,google,cpc,campaign_22,20,37,hotel_3
730,2024-09-30,google,cpc,DE | pMAX | PERF I Brand,36,36,hotel_3
731,2024-09-30,bing,organic,(organic),16,24,hotel_3
732,2024-09-30,google,cpc,campaign_23,14,21,hotel_3
733,2024-09-30,ajanlat,offline,campaign_10,11,19,hotel_3
734,2024-09-30,facebook,referral,(referral),12,17,hotel_3
735,2024-09-30,google,cpc,campaign_27,6,12,hotel_3
736,2024-09-30,facebook,cpc,campaign_20,6,10,hotel_3
737,2024-09-30,google,cpc,(referral),9,9,hotel_3
738,2024-09-30,google,cpc,HU | GDN | ENGM I Programok '24,4,9,hotel_3
739,2024-09-30,bing,cpc,HU | PERF | Lokáció - All,3,9,hotel_3
740,2024-09-30,google,cpc,campaign_25,2,8,hotel_3
741,2024-09-30,otpbankdirekt.hu,referral,(referral),0,7,hotel_3
742,2024-09-30,google,organic,(not set),6,6,hotel_3
743,2024-09-30,redir.d-edgeconnect.media,referral,(referral),4,6,hotel_3
744,2024-09-30,facebook,cpc,campaign_1,6,6,hotel_3
745,2024-09-30,(direct),(none),(not set),3,4,hotel_3
746,2024-09-30,facebook,referral,(referral),4,4,hotel_3
747,2024-09-30,click.pstmrk.it,referral,(referral),2,3,hotel_3
748,2024-09-30,google,referral,(referral),1,3,hotel_3
749,2024-09-30,thermengutscheine.at,referral,(referral),1,3,hotel_3
750,2024-09-30,google,cpc,campaign_28,2,3,hotel_3
751,2024-09-30,ajanlat,offline,proposal-by-phone,3,3,hotel_3
752,2024-09-30,phone,offline,proposal-by-phone,3,3,hotel_3
753,2024-09-30,director-web.ro,referral,(referral),0,2,hotel_3
754,2024-09-30,kereso.startlap.hu,referral,(referral),0,2,hotel_3
755,2024-09-30,instagram,referral,(referral),2,2,hotel_3
756,2024-09-30,bing,cpc,campaign_14,2,2,hotel_3
757,2024-09-30,google,cpc,campaign_32,2,2,hotel_3
758,2024-09-30,hirlevel_s5,newsletter,hirlevel_c4,2,2,hotel_3
759,2024-09-30,ajanlat,email,campaign_15,0,2,hotel_3
760,2024-09-30,email,offline,proposal-by-phone,1,2,hotel_3
761,2024-09-30,ecosia.org,organic,(organic),1,1,hotel_3
762,2024-09-30,email.seznam.cz,referral,(referral),1,1,hotel_3
763,2024-09-30,source_20,referral,(referral),1,1,hotel_3
764,2024-09-30,instagram,referral,(referral),1,1,hotel_3
765,2024-09-30,kapu.hu,referral,(referral),1,1,hotel_3
766,2024-09-30,source_21,referral,(referral),1,1,hotel_3
767,2024-09-30,source_21,referral,(referral),1,1,hotel_3
768,2024-09-30,google,cpc,campaign_33,0,1,hotel_3
769,2024-09-30,bing,cpc,DE | PERF | Brand,1,1,hotel_3
770,2024-09-30,bing,cpc,campaign_5,0,1,hotel_3
771,2024-09-30,bing,cpc,HU | PERF | Desztináció,0,1,hotel_3
772,2024-09-30,bing,cpc,campaign_39,1,1,hotel_3
773,2024-09-30,other,offline,proposal-by-phone,1,1,hotel_3
774,2024-09-30,teszt,teszt,teszt,1,1,hotel_3
775,2024-09-30,teszt22,teszt,teszt,1,1,hotel_3
776,2024-10-01,(not set),(not set),(not set),352,402,hotel_3
777,2024-10-01,google,cpc,(organic),226,266,hotel_3
778,2024-10-01,(direct),(none),(direct),157,187,hotel_3
779,2024-10-01,google,organic,(organic),137,164,hotel_3
780,2024-10-01,google,cpc,HU | GSN | PERF I Brand,125,159,hotel_3
781,2024-10-01,google,cpc,(not set),118,128,hotel_3
782,2024-10-01,google,cpc,HU | pMAX | PERF I Brand,127,128,hotel_3
783,2024-10-01,facebook,cpc,campaign_19,67,70,hotel_3
784,2024-10-01,google,cpc,campaign_24,47,52,hotel_3
785,2024-10-01,google,cpc,DE | pMAX | PERF I Brand,28,30,hotel_3
786,2024-10-01,bing,cpc,campaign_2,28,29,hotel_3
787,2024-10-01,google,cpc,campaign_22,19,25,hotel_3
788,2024-10-01,facebook,referral,(referral),19,20,hotel_3
789,2024-10-01,bing,organic,(organic),16,19,hotel_3
790,2024-10-01,facebook,cpc,campaign_20,15,15,hotel_3
791,2024-10-01,facebook,referral,(referral),12,13,hotel_3
792,2024-10-01,google,cpc,campaign_23,9,12,hotel_3
793,2024-10-01,ajanlat,offline,campaign_10,9,11,hotel_3
794,2024-10-01,redir.d-edgeconnect.media,referral,(referral),10,10,hotel_3
795,2024-10-01,google,organic,(not set),6,7,hotel_3
796,2024-10-01,bing,cpc,campaign_14,7,7,hotel_3
797,2024-10-01,google,cpc,(referral),5,6,hotel_3
798,2024-10-01,google,cpc,campaign_27,6,6,hotel_3
799,2024-10-01,google,cpc,campaign_25,3,5,hotel_3
800,2024-10-01,instagram,referral,(referral),4,4,hotel_3
801,2024-10-01,source_17,referral,(referral),2,4,hotel_3
802,2024-10-01,facebook,cpc,campaign_21,3,3,hotel_3
803,2024-10-01,google,cpc,campaign_28,3,3,hotel_3
804,2024-10-01,ajanlat,email,campaign_15,3,3,hotel_3
805,2024-10-01,facebook,referral,(referral),2,2,hotel_3
806,2024-10-01,google,referral,(referral),1,2,hotel_3
807,2024-10-01,otpbankdirekt.hu,referral,(referral),2,2,hotel_3
808,2024-10-01,bing,cpc,AT | PERF | Brand,1,2,hotel_3
809,2024-10-01,bing,cpc,HU | PERF | Lokáció - All,2,2,hotel_3
810,2024-10-01,facebook,cpc,campaign_1,2,2,hotel_3
811,2024-10-01,email,offline,proposal-by-phone,1,2,hotel_3
812,2024-10-01,(direct),(none),(not set),1,1,hotel_3
813,2024-10-01,app.asana.com,referral,(referral),1,1,hotel_3
814,2024-10-01,source_14,referral,(referral),1,1,hotel_3
815,2024-10-01,click.pstmrk.it,referral,(referral),1,1,hotel_3
816,2024-10-01,cn.bing.com,referral,(referral),1,1,hotel_3
817,2024-10-01,femcafe.hu,referral,(referral),1,1,hotel_3
818,2024-10-01,kereso.startlap.hu,referral,(referral),0,1,hotel_3
819,2024-10-01,reiseziel-erde.de,referral,(referral),1,1,hotel_3
820,2024-10-01,ui.ads.microsoft.com,referral,(referral),1,1,hotel_3
821,2024-10-01,wellcard.at,referral,(referral),1,1,hotel_3
822,2024-10-01,zadir.hu,referral,(referral),1,1,hotel_3
823,2024-10-01,google,cpc,campaign_26,1,1,hotel_3
824,2024-10-01,google,cpc,campaign_30,1,1,hotel_3
825,2024-10-01,bing,cpc,DE | PERF | Brand,1,1,hotel_3
826,2024-10-01,google,cpc,HU | GDN | ENGM I Programok '24,1,1,hotel_3
827,2024-10-01,google,cpc,HU | pMAX | Csomag '24,1,1,hotel_3
828,2024-10-01,phone,offline,proposal-by-phone,1,1,hotel_3
829,2024-10-02,(not set),(not set),(not set),350,370,hotel_3
830,2024-10-02,google,cpc,(organic),215,244,hotel_3
831,2024-10-02,google,organic,(organic),139,171,hotel_3
832,2024-10-02,(direct),(none),(direct),140,162,hotel_3
833,2024-10-02,google,cpc,HU | GSN | PERF I Brand,122,143,hotel_3
834,2024-10-02,google,cpc,HU | pMAX | PERF I Brand,124,132,hotel_3
835,2024-10-02,google,cpc,(not set),105,109,hotel_3
836,2024-10-02,facebook,cpc,campaign_19,93,96,hotel_3
837,2024-10-02,google,cpc,campaign_24,46,51,hotel_3
838,2024-10-02,google,cpc,campaign_22,31,40,hotel_3
839,2024-10-02,bing,cpc,campaign_2,34,34,hotel_3
840,2024-10-02,facebook,cpc,campaign_20,27,30,hotel_3
841,2024-10-02,facebook,referral,(referral),23,27,hotel_3
842,2024-10-02,bing,organic,(organic),8,11,hotel_3
843,2024-10-02,google,cpc,campaign_27,10,11,hotel_3
844,2024-10-02,google,cpc,DE | pMAX | PERF I Brand,11,11,hotel_3
845,2024-10-02,ajanlat,offline,campaign_10,9,11,hotel_3
846,2024-10-02,facebook,referral,(referral),9,9,hotel_3
847,2024-10-02,redir.d-edgeconnect.media,referral,(referral),9,9,hotel_3
848,2024-10-02,google,cpc,campaign_23,7,9,hotel_3
849,2024-10-02,facebook,cpc,campaign_1,5,7,hotel_3
850,2024-10-02,google,cpc,campaign_28,4,6,hotel_3
851,2024-10-02,ajanlat,offline,proposal-by-phone,3,6,hotel_3
852,2024-10-02,bing,cpc,campaign_14,1,5,hotel_3
853,2024-10-02,instagram,referral,(referral),3,3,hotel_3
854,2024-10-02,zadir.hu,referral,(referral),1,3,hotel_3
855,2024-10-02,bing,cpc,HU | PERF | Desztináció,3,3,hotel_3
856,2024-10-02,bing,cpc,HU | PERF | Lokáció - All,3,3,hotel_3
857,2024-10-02,facebook,cpc,campaign_21,2,3,hotel_3
858,2024-10-02,google,cpc,(referral),2,2,hotel_3
859,2024-10-02,facebook,referral,(referral),2,2,hotel_3
860,2024-10-02,bing,cpc,campaign_40,2,2,hotel_3
861,2024-10-02,hirlevel_s1,newsletter,hirlevel_c1,2,2,hotel_3
862,2024-10-02,google,organic,(not set),1,1,hotel_3
863,2024-10-02,google,cpc,(not set),1,1,hotel_3
864,2024-10-02,duckduckgo,organic,(organic),1,1,hotel_3
865,2024-10-02,ecosia.org,organic,(organic),1,1,hotel_3
866,2024-10-02,hotelcms.hu,referral,(referral),1,1,hotel_3
867,2024-10-02,kereso.startlap.hu,referral,(referral),1,1,hotel_3
868,2024-10-02,google,referral,(referral),1,1,hotel_3
869,2024-10-02,romaniatv.net,referral,(referral),1,1,hotel_3
870,2024-10-02,source_16,referral,(referral),1,1,hotel_3
871,2024-10-02,thermengutscheine.at,referral,(referral),1,1,hotel_3
872,2024-10-02,ui.ads.microsoft.com,referral,(referral),1,1,hotel_3
873,2024-10-02,wellcard.at,referral,(referral),1,1,hotel_3
874,2024-10-02,google,cpc,campaign_26,1,1,hotel_3
875,2024-10-02,google,cpc,campaign_30,1,1,hotel_3
876,2024-10-02,bing,cpc,campaign_5,1,1,hotel_3
877,2024-10-02,bing,cpc,HU | PERF | Brand,1,1,hotel_3
878,2024-10-02,ajanlat,email,campaign_15,1,1,hotel_3
879,2024-10-02,email,offline,proposal-by-phone,1,1,hotel_3
880,2024-10-03,(not set),(not set),(not set),359,387,hotel_3
881,2024-10-03,google,cpc,(organic),220,268,hotel_3
882,2024-10-03,(direct),(none),(direct),161,183,hotel_3
883,2024-10-03,google,organic,(organic),142,177,hotel_3
884,2024-10-03,google,cpc,HU | GSN | PERF I Brand,148,171,hotel_3
885,2024-10-03,google,cpc,(not set),119,129,hotel_3
886,2024-10-03,google,cpc,HU | pMAX | PERF I Brand,102,110,hotel_3
887,2024-10-03,facebook,cpc,campaign_19,72,72,hotel_3
888,2024-10-03,google,cpc,campaign_24,45,48,hotel_3
889,2024-10-03,bing,cpc,campaign_2,32,35,hotel_3
890,2024-10-03,google,cpc,campaign_22,24,25,hotel_3
891,2024-10-03,google,cpc,DE | pMAX | PERF I Brand,19,21,hotel_3
892,2024-10-03,facebook,cpc,campaign_20,19,21,hotel_3
893,2024-10-03,bing,organic,(organic),15,18,hotel_3
894,2024-10-03,facebook,referral,(referral),13,14,hotel_3
895,2024-10-03,ajanlat,offline,campaign_10,8,14,hotel_3
896,2024-10-03,redir.d-edgeconnect.media,referral,(referral),11,11,hotel_3
897,2024-10-03,google,cpc,campaign_23,8,11,hotel_3
898,2024-10-03,facebook,referral,(referral),10,10,hotel_3
899,2024-10-03,ajanlat,offline,proposal-by-phone,3,8,hotel_3
900,2024-10-03,bing,cpc,campaign_40,7,7,hotel_3
901,2024-10-03,facebook,cpc,campaign_1,6,7,hotel_3
902,2024-10-03,ajanlat,email,campaign_15,6,7,hotel_3
903,2024-10-03,google,cpc,campaign_28,5,6,hotel_3
904,2024-10-03,google,cpc,campaign_27,5,5,hotel_3
905,2024-10-03,google,cpc,campaign_30,5,5,hotel_3
906,2024-10-03,source_16,referral,(referral),3,4,hotel_3
907,2024-10-03,other,offline,proposal-by-phone,3,4,hotel_3
908,2024-10-03,(direct),(none),(not set),2,2,hotel_3
909,2024-10-03,google,cpc,(referral),2,2,hotel_3
910,2024-10-03,hotelcms.hu,referral,(referral),1,2,hotel_3
911,2024-10-03,kereso.startlap.hu,referral,(referral),2,2,hotel_3
912,2024-10-03,facebook,referral,(referral),2,2,hotel_3
913,2024-10-03,google,referral,(referral),2,2,hotel_3
914,2024-10-03,otpbankdirekt.hu,referral,(referral),2,2,hotel_3
915,2024-10-03,bing,cpc,campaign_14,1,2,hotel_3
916,2024-10-03,bing,cpc,campaign_5,2,2,hotel_3
917,2024-10-03,google,cpc,campaign_25,1,2,hotel_3
918,2024-10-03,bing,cpc,HU | PERF | Lokáció - All,2,2,hotel_3
919,2024-10-03,google,organic,(not set),1,1,hotel_3
920,2024-10-03,amts.hu,referral,(referral),1,1,hotel_3
921,2024-10-03,source_1,referral,(referral),1,1,hotel_3
922,2024-10-03,instagram,referral,(referral),1,1,hotel_3
923,2024-10-03,source_21,referral,(referral),1,1,hotel_3
924,2024-10-03,thermengutscheine.at,referral,(referral),1,1,hotel_3
925,2024-10-03,source_17,referral,(referral),0,1,hotel_3
926,2024-10-03,facebook,cpc,campaign_21,1,1,hotel_3
927,2024-10-03,hirlevel,ct,feliratkozas_hu,1,1,hotel_3
928,2024-10-03,hirlevel_s5,newsletter,hirlevel_c4,1,1,hotel_3
929,2024-10-04,(not set),(not set),(not set),296,311,hotel_3
930,2024-10-04,google,cpc,(organic),182,214,hotel_3
931,2024-10-04,(direct),(none),(direct),142,167,hotel_3
932,2024-10-04,google,organic,(organic),130,151,hotel_3
933,2024-10-04,google,cpc,HU | GSN | PERF I Brand,123,142,hotel_3
934,2024-10-04,google,cpc,HU | pMAX | PERF I Brand,132,137,hotel_3
935,2024-10-04,google,cpc,(not set),117,128,hotel_3
936,2024-10-04,facebook,cpc,campaign_19,68,71,hotel_3
937,2024-10-04,google,cpc,campaign_24,43,43,hotel_3
938,2024-10-04,facebook,cpc,campaign_20,26,26,hotel_3
939,2024-10-04,bing,cpc,campaign_2,23,23,hotel_3
940,2024-10-04,google,cpc,campaign_22,16,22,hotel_3
941,2024-10-04,facebook,referral,(referral),18,20,hotel_3
942,2024-10-04,google,cpc,DE | pMAX | PERF I Brand,17,18,hotel_3
943,2024-10-04,bing,organic,(organic),16,17,hotel_3
944,2024-10-04,google,cpc,campaign_23,16,17,hotel_3
945,2024-10-04,facebook,referral,(referral),16,16,hotel_3
946,2024-10-04,ajanlat,offline,campaign_10,7,10,hotel_3
947,2024-10-04,google,cpc,campaign_27,8,8,hotel_3
948,2024-10-04,redir.d-edgeconnect.media,referral,(referral),6,7,hotel_3
949,2024-10-04,bing,cpc,campaign_40,6,6,hotel_3
950,2024-10-04,google,cpc,campaign_28,5,5,hotel_3
951,2024-10-04,(direct),(none),(not set),2,3,hotel_3
952,2024-10-04,facebook,referral,(referral),3,3,hotel_3
953,2024-10-04,bing,cpc,HU | PERF | Desztináció,3,3,hotel_3
954,2024-10-04,google,cpc,(referral),1,2,hotel_3
955,2024-10-04,google,cpc,campaign_30,2,2,hotel_3
956,2024-10-04,bing,cpc,HU | PERF | Lokáció - All,2,2,hotel_3
957,2024-10-04,ajanlat,email,campaign_15,2,2,hotel_3
958,2024-10-04,ajanlat,offline,proposal-by-phone,2,2,hotel_3
959,2024-10-04,director-web.ro,referral,(referral),1,1,hotel_3
960,2024-10-04,glamour.hu,referral,(referral),1,1,hotel_3
961,2024-10-04,instagram,referral,(referral),1,1,hotel_3
962,2024-10-04,google,referral,(referral),1,1,hotel_3
963,2024-10-04,otpbankdirekt.hu,referral,(referral),1,1,hotel_3
964,2024-10-04,romaniatv.net,referral,(referral),1,1,hotel_3
965,2024-10-04,source_17,referral,(referral),1,1,hotel_3
966,2024-10-04,bing,cpc,HU | PERF I Brand,1,1,hotel_3
967,2024-10-04,loyalty,email,loyalty-email,1,1,hotel_3
968,2024-10-05,(not set),(not set),(not set),294,309,hotel_3
969,2024-10-05,google,cpc,(organic),210,242,hotel_3
970,2024-10-05,(direct),(none),(direct),150,170,hotel_3
971,2024-10-05,google,organic,(organic),125,148,hotel_3
972,2024-10-05,google,cpc,HU | GSN | PERF I Brand,118,139,hotel_3
973,2024-10-05,google,cpc,HU | pMAX | PERF I Brand,132,139,hotel_3
974,2024-10-05,google,cpc,(not set),98,105,hotel_3
975,2024-10-05,facebook,cpc,campaign_19,58,58,hotel_3
976,2024-10-05,google,cpc,campaign_24,54,56,hotel_3
977,2024-10-05,google,cpc,DE | pMAX | PERF I Brand,26,27,hotel_3
978,2024-10-05,facebook,cpc,campaign_20,26,27,hotel_3
979,2024-10-05,bing,cpc,campaign_2,17,17,hotel_3
980,2024-10-05,google,cpc,campaign_23,14,14,hotel_3
981,2024-10-05,google,cpc,campaign_22,13,14,hotel_3
982,2024-10-05,ajanlat,offline,campaign_10,7,14,hotel_3
983,2024-10-05,facebook,referral,(referral),11,13,hotel_3
984,2024-10-05,facebook,referral,(referral),11,12,hotel_3
985,2024-10-05,google,cpc,campaign_27,6,10,hotel_3
986,2024-10-05,bing,organic,(organic),5,7,hotel_3
987,2024-10-05,bing,cpc,HU | PERF | Desztináció,4,5,hotel_3
988,2024-10-05,instagram,referral,(referral),4,4,hotel_3
989,2024-10-05,redir.d-edgeconnect.media,referral,(referral),3,4,hotel_3
990,2024-10-05,bing,cpc,campaign_40,3,3,hotel_3
991,2024-10-05,google,cpc,campaign_26,3,3,hotel_3
992,2024-10-05,google,cpc,campaign_28,2,3,hotel_3
993,2024-10-05,wellcard.at,referral,(referral),1,2,hotel_3
994,2024-10-05,bing,cpc,HU | PERF | Lokáció - All,2,2,hotel_3
995,2024-10-05,google,cpc,(direct),1,1,hotel_3
996,2024-10-05,(direct),(none),(not set),1,1,hotel_3
997,2024-10-05,google,cpc,(not set),1,1,hotel_3
998,2024-10-05,duckduckgo,organic,(organic),1,1,hotel_3
999,2024-10-05,google,cpc,(referral),1,1,hotel_3
1000,2024-10-05,kapu.hu,referral,(referral),1,1,hotel_3
1001,2024-10-05,facebook,referral,(referral),1,1,hotel_3
1002,2024-10-05,google,referral,(referral),1,1,hotel_3
1003,2024-10-05,source_21,referral,(referral),1,1,hotel_3
1004,2024-10-05,google,cpc,campaign_30,1,1,hotel_3
1005,2024-10-05,google,cpc,campaign_25,1,1,hotel_3
1006,2024-10-05,loyalty,email,loyalty-email,1,1,hotel_3
1007,2024-10-05,ajanlat,offline,proposal-by-phone,1,1,hotel_3
1008,2024-10-06,(not set),(not set),(not set),431,458,hotel_3
1009,2024-10-06,google,cpc,(organic),271,315,hotel_3
1010,2024-10-06,(direct),(none),(direct),162,195,hotel_3
1011,2024-10-06,google,organic,(organic),149,177,hotel_3
1012,2024-10-06,google,cpc,HU | GSN | PERF I Brand,147,176,hotel_3
1013,2024-10-06,google,cpc,HU | pMAX | PERF I Brand,136,142,hotel_3
1014,2024-10-06,google,cpc,(not set),116,131,hotel_3
1015,2024-10-06,facebook,cpc,campaign_19,49,50,hotel_3
1016,2024-10-06,google,cpc,campaign_24,49,49,hotel_3
1017,2024-10-06,bing,cpc,campaign_2,29,32,hotel_3
1018,2024-10-06,facebook,cpc,campaign_20,28,30,hotel_3
1019,2024-10-06,google,cpc,campaign_22,24,25,hotel_3
1020,2024-10-06,facebook,referral,(referral),20,20,hotel_3
1021,2024-10-06,google,cpc,campaign_27,13,17,hotel_3
1022,2024-10-06,google,cpc,campaign_23,15,16,hotel_3
1023,2024-10-06,google,cpc,(referral),11,14,hotel_3
1024,2024-10-06,facebook,referral,(referral),14,14,hotel_3
1025,2024-10-06,google,cpc,DE | pMAX | PERF I Brand,12,13,hotel_3
1026,2024-10-06,redir.d-edgeconnect.media,referral,(referral),11,11,hotel_3
1027,2024-10-06,instagram,referral,(referral),6,6,hotel_3
1028,2024-10-06,bing,cpc,HU | PERF I Brand,4,5,hotel_3
1029,2024-10-06,bing,organic,(organic),4,4,hotel_3
1030,2024-10-06,youtube.com,referral,(referral),4,4,hotel_3
1031,2024-10-06,ajanlat,offline,campaign_10,4,4,hotel_3
1032,2024-10-06,bing,cpc,campaign_40,3,3,hotel_3
1033,2024-10-06,google,cpc,campaign_30,3,3,hotel_3
1034,2024-10-06,bing,cpc,HU | PERF | Lokáció - All,3,3,hotel_3
1035,2024-10-06,google,cpc,campaign_28,3,3,hotel_3
1036,2024-10-06,hirlevel_s1,newsletter,hirlevel_c1,2,3,hotel_3
1037,2024-10-06,duckduckgo,organic,(organic),1,2,hotel_3
1038,2024-10-06,kereso.startlap.hu,referral,(referral),2,2,hotel_3
1039,2024-10-06,wellcard.at,referral,(referral),2,2,hotel_3
1040,2024-10-06,ajanlat,email,campaign_15,2,2,hotel_3
1041,2024-10-06,ecosia.org,organic,(organic),0,1,hotel_3
1042,2024-10-06,dailybusiness.ro,referral,(referral),1,1,hotel_3
1043,2024-10-06,glamour.hu,referral,(referral),1,1,hotel_3
1044,2024-10-06,thermengutscheine.at,referral,(referral),1,1,hotel_3
1045,2024-10-06,bing,cpc,campaign_5,1,1,hotel_3
1046,2024-10-06,bing,cpc,HU | PERF | Desztináció,1,1,hotel_3
1047,2024-10-06,loyalty,email,loyalty-email,1,1,hotel_3
1048,2024-10-07,(not set),(not set),(not set),443,480,hotel_3
1049,2024-10-07,google,cpc,(organic),263,314,hotel_3
1050,2024-10-07,(direct),(none),(direct),162,183,hotel_3
1051,2024-10-07,google,organic,(organic),150,179,hotel_3
1052,2024-10-07,google,cpc,HU | GSN | PERF I Brand,147,178,hotel_3
1053,2024-10-07,google,cpc,HU | pMAX | PERF I Brand,124,131,hotel_3
1054,2024-10-07,google,cpc,(not set),117,130,hotel_3
1055,2024-10-07,google,cpc,campaign_24,50,53,hotel_3
1056,2024-10-07,facebook,cpc,campaign_19,51,52,hotel_3
1057,2024-10-07,bing,cpc,campaign_2,31,34,hotel_3
1058,2024-10-07,google,cpc,DE | pMAX | PERF I Brand,24,26,hotel_3
1059,2024-10-07,google,cpc,campaign_23,20,22,hotel_3
1060,2024-10-07,google,cpc,campaign_22,17,18,hotel_3
1061,2024-10-07,facebook,cpc,campaign_20,12,16,hotel_3
1062,2024-10-07,instagram,referral,(referral),14,14,hotel_3
1063,2024-10-07,google,cpc,campaign_27,12,14,hotel_3
1064,2024-10-07,bing,organic,(organic),12,13,hotel_3
1065,2024-10-07,facebook,referral,(referral),10,11,hotel_3
1066,2024-10-07,ajanlat,offline,campaign_10,7,9,hotel_3
1067,2024-10-07,facebook,referral,(referral),7,7,hotel_3
1068,2024-10-07,bing,cpc,HU | PERF I Brand,7,7,hotel_3
1069,2024-10-07,email,offline,proposal-by-phone,5,7,hotel_3
1070,2024-10-07,redir.d-edgeconnect.media,referral,(referral),5,5,hotel_3
1071,2024-10-07,google,cpc,(referral),4,4,hotel_3
1072,2024-10-07,otpbankdirekt.hu,referral,(referral),3,4,hotel_3
1073,2024-10-07,zadir.hu,referral,(referral),1,4,hotel_3
1074,2024-10-07,duckduckgo,organic,(organic),1,3,hotel_3
1075,2024-10-07,google,referral,(referral),2,3,hotel_3
1076,2024-10-07,bing,cpc,campaign_40,3,3,hotel_3
1077,2024-10-07,google,cpc,campaign_28,3,3,hotel_3
1078,2024-10-07,(direct),(none),(not set),2,2,hotel_3
1079,2024-10-07,facebook,referral,(referral),2,2,hotel_3
1080,2024-10-07,privacywall.org,referral,(referral),2,2,hotel_3
1081,2024-10-07,youtube.com,referral,(referral),2,2,hotel_3
1082,2024-10-07,bing,cpc,AT | PERF I Brand,2,2,hotel_3
1083,2024-10-07,google,cpc,campaign_30,2,2,hotel_3
1084,2024-10-07,bing,cpc,campaign_5,2,2,hotel_3
1085,2024-10-07,bing,cpc,HU | PERF | Desztináció,2,2,hotel_3
1086,2024-10-07,bing,cpc,HU | PERF | Lokáció - All,2,2,hotel_3
1087,2024-10-07,ajanlat,email,campaign_15,2,2,hotel_3
1088,2024-10-07,thermengutscheine.at,referral,(referral),1,1,hotel_3
1089,2024-10-07,google,cpc,campaign_25,0,1,hotel_3
1090,2024-10-07,facebook,cpc,campaign_41,1,1,hotel_3
1091,2024-10-07,facebook,cpc,campaign_21,1,1,hotel_3
1092,2024-10-07,hirlevel_s1,newsletter,hirlevel_c1,1,1,hotel_3
1093,2024-10-07,hirlevel_s5,newsletter,hirlevel_c4,1,1,hotel_3
1094,2024-10-07,phone,offline,proposal-by-phone,1,1,hotel_3
1095,2024-10-08,(not set),(not set),(not set),452,477,hotel_3
1096,2024-10-08,google,cpc,(organic),298,344,hotel_3
1097,2024-10-08,(direct),(none),(direct),198,215,hotel_3
1098,2024-10-08,google,cpc,HU | GSN | PERF I Brand,142,172,hotel_3
1099,2024-10-08,google,organic,(organic),148,164,hotel_3
1100,2024-10-08,google,cpc,HU | pMAX | PERF I Brand,125,132,hotel_3
1101,2024-10-08,google,cpc,(not set),115,126,hotel_3
1102,2024-10-08,facebook,cpc,campaign_19,74,74,hotel_3
1103,2024-10-08,google,cpc,campaign_24,33,37,hotel_3
1104,2024-10-08,bing,cpc,campaign_2,24,27,hotel_3
1105,2024-10-08,facebook,cpc,campaign_20,22,24,hotel_3
1106,2024-10-08,instagram,referral,(referral),23,23,hotel_3
1107,2024-10-08,google,cpc,campaign_23,22,23,hotel_3
1108,2024-10-08,facebook,referral,(referral),17,19,hotel_3
1109,2024-10-08,google,cpc,DE | pMAX | PERF I Brand,16,16,hotel_3
1110,2024-10-08,google,cpc,campaign_22,13,15,hotel_3
1111,2024-10-08,bing,organic,(organic),10,13,hotel_3
1112,2024-10-08,ajanlat,offline,campaign_10,8,9,hotel_3
1113,2024-10-08,google,cpc,campaign_27,7,8,hotel_3
1114,2024-10-08,redir.d-edgeconnect.media,referral,(referral),7,7,hotel_3
1115,2024-10-08,bing,cpc,HU | PERF I Brand,4,6,hotel_3
1116,2024-10-08,facebook,referral,(referral),5,5,hotel_3
1117,2024-10-08,google,cpc,campaign_28,5,5,hotel_3
1118,2024-10-08,facebook,referral,(referral),4,4,hotel_3
1119,2024-10-08,bing,cpc,campaign_40,4,4,hotel_3
1120,2024-10-08,bing,cpc,HU | PERF | Desztináció,1,4,hotel_3
1121,2024-10-08,app.zoomsphere.com,referral,(referral),2,3,hotel_3
1122,2024-10-08,facebook,cpc,campaign_21,3,3,hotel_3
1123,2024-10-08,google,cpc,(referral),1,2,hotel_3
1124,2024-10-08,kapu.hu,referral,(referral),1,2,hotel_3
1125,2024-10-08,kereso.startlap.hu,referral,(referral),0,2,hotel_3
1126,2024-10-08,lightmailer-bap.gmx.net,referral,(referral),1,2,hotel_3
1127,2024-10-08,google,referral,(referral),1,2,hotel_3
1128,2024-10-08,otpbankdirekt.hu,referral,(referral),2,2,hotel_3
1129,2024-10-08,youtube.com,referral,(referral),1,2,hotel_3
1130,2024-10-08,bing,cpc,AT | PERF I Brand,2,2,hotel_3
1131,2024-10-08,google,cpc,campaign_30,1,2,hotel_3
1132,2024-10-08,bing,cpc,campaign_5,2,2,hotel_3
1133,2024-10-08,bing,cpc,HU | PERF | Lokáció - All,2,2,hotel_3
1134,2024-10-08,facebook,cpc,campaign_1,2,2,hotel_3
1135,2024-10-08,phone,offline,proposal-by-phone,1,2,hotel_3
1136,2024-10-08,google,cpc,(direct),1,1,hotel_3
1137,2024-10-08,(direct),(none),(not set),1,1,hotel_3
1138,2024-10-08,google,organic,(not set),1,1,hotel_3
1139,2024-10-08,dailybusiness.ro,referral,(referral),1,1,hotel_3
1140,2024-10-08,dovolenanamiru.com,referral,(referral),1,1,hotel_3
1141,2024-10-08,glamour.hu,referral,(referral),1,1,hotel_3
1142,2024-10-08,instagram,referral,(referral),1,1,hotel_3
1143,2024-10-08,lightmailer-bs.gmx.net,referral,(referral),1,1,hotel_3
1144,2024-10-08,romaniatv.net,referral,(referral),1,1,hotel_3
1145,2024-10-08,thermenhotels.at,referral,(referral),1,1,hotel_3
1146,2024-10-08,source_17,referral,(referral),1,1,hotel_3
1147,2024-10-08,email,offline,proposal-by-phone,1,1,hotel_3
1148,2024-10-09,(not set),(not set),(not set),439,473,hotel_3
1149,2024-10-09,google,cpc,(organic),310,367,hotel_3
1150,2024-10-09,(direct),(none),(direct),194,225,hotel_3
1151,2024-10-09,google,cpc,HU | GSN | PERF I Brand,153,182,hotel_3
1152,2024-10-09,google,organic,(organic),125,155,hotel_3
1153,2024-10-09,google,cpc,HU | pMAX | PERF I Brand,136,142,hotel_3
1154,2024-10-09,google,cpc,(not set),102,113,hotel_3
1155,2024-10-09,facebook,cpc,campaign_19,79,80,hotel_3
1156,2024-10-09,bing,cpc,campaign_2,28,32,hotel_3
1157,2024-10-09,google,cpc,campaign_24,28,30,hotel_3
1158,2024-10-09,facebook,cpc,campaign_20,27,27,hotel_3
1159,2024-10-09,google,cpc,campaign_22,23,25,hotel_3
1160,2024-10-09,facebook,referral,(referral),21,21,hotel_3
1161,2024-10-09,bing,organic,(organic),7,14,hotel_3
1162,2024-10-09,google,cpc,campaign_23,13,14,hotel_3
1163,2024-10-09,bing,cpc,HU | PERF I Brand,12,13,hotel_3
1164,2024-10-09,google,cpc,campaign_27,11,12,hotel_3
1165,2024-10-09,google,cpc,DE | pMAX | PERF I Brand,12,12,hotel_3
1166,2024-10-09,ajanlat,offline,campaign_10,8,12,hotel_3
1167,2024-10-09,redir.d-edgeconnect.media,referral,(referral),6,10,hotel_3
1168,2024-10-09,facebook,cpc,campaign_21,10,10,hotel_3
1169,2024-10-09,hirlevel,ct,hirlevel_c5,9,9,hotel_3
1170,2024-10-09,instagram,referral,(referral),8,8,hotel_3
1171,2024-10-09,kapu.hu,referral,(referral),3,7,hotel_3
1172,2024-10-09,facebook,referral,(referral),6,7,hotel_3
1173,2024-10-09,glamour.hu,referral,(referral),2,3,hotel_3
1174,2024-10-09,google,cpc,(referral),3,3,hotel_3
1175,2024-10-09,lightmailer-bap.gmx.net,referral,(referral),1,3,hotel_3
1176,2024-10-09,zadir.hu,referral,(referral),1,3,hotel_3
1177,2024-10-09,ajanlat,email,campaign_15,3,3,hotel_3
1178,2024-10-09,app.zoomsphere.com,referral,(referral),1,2,hotel_3
1179,2024-10-09,google,cpc,campaign_33,2,2,hotel_3
1180,2024-10-09,bing,cpc,HU | PERF | Lokáció - All,2,2,hotel_3
1181,2024-10-09,facebook,cpc,campaign_1,2,2,hotel_3
1182,2024-10-09,google,cpc,campaign_28,2,2,hotel_3
1183,2024-10-09,loyalty,email,loyalty-email,2,2,hotel_3
1184,2024-10-09,email,offline,proposal-by-phone,2,2,hotel_3
1185,2024-10-09,phone,offline,proposal-by-phone,1,2,hotel_3
1186,2024-10-09,duckduckgo,organic,(organic),1,1,hotel_3
1187,2024-10-09,amts.hu,referral,(referral),1,1,hotel_3
1188,2024-10-09,cdn.respond.io,referral,(referral),1,1,hotel_3
1189,2024-10-09,director-web.ro,referral,(referral),1,1,hotel_3
1190,2024-10-09,dovolenanamiru.com,referral,(referral),1,1,hotel_3
1191,2024-10-09,emea.search.yahoo.com,referral,(referral),1,1,hotel_3
1192,2024-10-09,instagram,referral,(referral),1,1,hotel_3
1193,2024-10-09,source_17,referral,(referral),1,1,hotel_3
1194,2024-10-09,bing,cpc,campaign_40,1,1,hotel_3
1195,2024-10-09,google,cpc,campaign_26,1,1,hotel_3
1196,2024-10-09,bing,cpc,AT | PERF I Brand,1,1,hotel_3
1197,2024-10-09,bing,cpc,HU,1,1,hotel_3
1198,2024-10-09,bing,cpc,HU | PERF | Desztináció,1,1,hotel_3
1199,2024-10-09,hirlevel_s5,newsletter,hirlevel_c4,1,1,hotel_3
1200,2024-10-10,(not set),(not set),(not set),695,785,hotel_3
1201,2024-10-10,google,cpc,(organic),364,456,hotel_3
1202,2024-10-10,(direct),(none),(direct),295,352,hotel_3
1203,2024-10-10,google,cpc,HU | GSN | PERF I Brand,212,280,hotel_3
1204,2024-10-10,google,organic,(organic),168,216,hotel_3
1205,2024-10-10,google,cpc,HU | pMAX | PERF I Brand,120,126,hotel_3
1206,2024-10-10,google,cpc,(not set),109,118,hotel_3
1207,2024-10-10,facebook,cpc,campaign_19,65,68,hotel_3
1208,2024-10-10,google,cpc,campaign_24,47,51,hotel_3
1209,2024-10-10,bing,cpc,campaign_2,32,34,hotel_3
1210,2024-10-10,facebook,cpc,campaign_20,23,28,hotel_3
1211,2024-10-10,google,cpc,campaign_23,14,21,hotel_3
1212,2024-10-10,google,cpc,campaign_22,15,20,hotel_3
1213,2024-10-10,facebook,referral,(referral),16,19,hotel_3
1214,2024-10-10,google,cpc,DE | pMAX | PERF I Brand,17,17,hotel_3
1215,2024-10-10,bing,cpc,HU | PERF I Brand,11,15,hotel_3
1216,2024-10-10,facebook,referral,(referral),14,14,hotel_3
1217,2024-10-10,redir.d-edgeconnect.media,referral,(referral),10,12,hotel_3
1218,2024-10-10,bing,organic,(organic),6,11,hotel_3
1219,2024-10-10,ajanlat,email,campaign_15,11,11,hotel_3
1220,2024-10-10,ajanlat,offline,campaign_10,9,10,hotel_3
1221,2024-10-10,instagram,referral,(referral),7,9,hotel_3
1222,2024-10-10,google,cpc,(referral),7,8,hotel_3
1223,2024-10-10,google,cpc,campaign_27,6,8,hotel_3
1224,2024-10-10,bing,cpc,campaign_40,7,7,hotel_3
1225,2024-10-10,glamour.hu,referral,(referral),5,6,hotel_3
1226,2024-10-10,facebook,cpc,campaign_21,6,6,hotel_3
1227,2024-10-10,otpbankdirekt.hu,referral,(referral),4,5,hotel_3
1228,2024-10-10,ajanlat,offline,proposal-by-phone,5,5,hotel_3
1229,2024-10-10,instagram,referral,(referral),4,4,hotel_3
1230,2024-10-10,zadir.hu,referral,(referral),1,4,hotel_3
1231,2024-10-10,bing,cpc,HU | PERF | Lokáció - All,4,4,hotel_3
1232,2024-10-10,hirlevel,ct,hirlevel_c5,4,4,hotel_3
1233,2024-10-10,kereso.startlap.hu,referral,(referral),1,3,hotel_3
1234,2024-10-10,source_1,referral,(referral),1,3,hotel_3
1235,2024-10-10,google,cpc,campaign_26,2,3,hotel_3
1236,2024-10-10,app.zoomsphere.com,referral,(referral),2,2,hotel_3
1237,2024-10-10,kapu.hu,referral,(referral),2,2,hotel_3
1238,2024-10-10,facebook,referral,(referral),2,2,hotel_3
1239,2024-10-10,google,referral,(referral),1,2,hotel_3
1240,2024-10-10,source_16,referral,(referral),1,2,hotel_3
1241,2024-10-10,bing,cpc,HU,2,2,hotel_3
1242,2024-10-10,bing,cpc,HU | PERF | Desztináció,2,2,hotel_3
1243,2024-10-10,hirlevel_s1,newsletter,hirlevel_c1,2,2,hotel_3
1244,2024-10-10,duckduckgo,organic,(organic),1,1,hotel_3
1245,2024-10-10,source_14,referral,(referral),1,1,hotel_3
1246,2024-10-10,ui.ads.microsoft.com,referral,(referral),1,1,hotel_3
1247,2024-10-10,webmail.telekom.hu,referral,(referral),1,1,hotel_3
1248,2024-10-10,bing,cpc,campaign_31,1,1,hotel_3
1249,2024-10-10,bing,cpc,AT | PERF I Brand,1,1,hotel_3
1250,2024-10-10,google,cpc,campaign_30,1,1,hotel_3
1251,2024-10-10,facebook,cpc,campaign_1,0,1,hotel_3
1252,2024-10-10,loyalty,email,loyalty-email,1,1,hotel_3
1253,2024-10-11,(not set),(not set),(not set),507,550,hotel_3
1254,2024-10-11,google,cpc,(organic),316,377,hotel_3
1255,2024-10-11,(direct),(none),(direct),227,282,hotel_3
1256,2024-10-11,google,cpc,HU | GSN | PERF I Brand,180,219,hotel_3
1257,2024-10-11,google,organic,(organic),151,187,hotel_3
1258,2024-10-11,google,cpc,(not set),125,133,hotel_3
1259,2024-10-11,google,cpc,HU | pMAX | PERF I Brand,98,103,hotel_3
1260,2024-10-11,facebook,cpc,campaign_19,65,67,hotel_3
1261,2024-10-11,google,cpc,campaign_24,39,40,hotel_3
1262,2024-10-11,google,cpc,campaign_22,31,39,hotel_3
1263,2024-10-11,facebook,cpc,campaign_20,22,25,hotel_3
1264,2024-10-11,facebook,referral,(referral),18,23,hotel_3
1265,2024-10-11,bing,cpc,campaign_2,18,21,hotel_3
1266,2024-10-11,bing,cpc,HU | PERF I Brand,15,21,hotel_3
1267,2024-10-11,google,cpc,campaign_23,16,19,hotel_3
1268,2024-10-11,facebook,referral,(referral),15,15,hotel_3
1269,2024-10-11,google,cpc,DE | pMAX | PERF I Brand,13,14,hotel_3
1270,2024-10-11,bing,organic,(organic),10,13,hotel_3
1271,2024-10-11,hirlevel,ct,hirlevel_c5,12,13,hotel_3
1272,2024-10-11,instagram,referral,(referral),10,10,hotel_3
1273,2024-10-11,instagram,referral,(referral),10,10,hotel_3
1274,2024-10-11,facebook,referral,(referral),9,9,hotel_3
1275,2024-10-11,google,cpc,campaign_27,6,9,hotel_3
1276,2024-10-11,ajanlat,offline,campaign_10,8,9,hotel_3
1277,2024-10-11,(direct),(none),(not set),5,6,hotel_3
1278,2024-10-11,bing,cpc,campaign_40,6,6,hotel_3
1279,2024-10-11,google,cpc,campaign_26,4,5,hotel_3
1280,2024-10-11,facebook,cpc,campaign_21,4,5,hotel_3
1281,2024-10-11,redir.d-edgeconnect.media,referral,(referral),3,3,hotel_3
1282,2024-10-11,uk.search.yahoo.com,referral,(referral),1,3,hotel_3
1283,2024-10-11,facebook,cpc,campaign_1,2,3,hotel_3
1284,2024-10-11,ajanlat,email,campaign_15,3,3,hotel_3
1285,2024-10-11,app.zoomsphere.com,referral,(referral),1,2,hotel_3
1286,2024-10-11,google,cpc,(referral),2,2,hotel_3
1287,2024-10-11,kereso.startlap.hu,referral,(referral),1,2,hotel_3
1288,2024-10-11,google,referral,(referral),1,2,hotel_3
1289,2024-10-11,bing,cpc,AT | PERF I Brand,2,2,hotel_3
1290,2024-10-11,google,cpc,campaign_30,2,2,hotel_3
1291,2024-10-11,loyalty,email,loyalty-email,2,2,hotel_3
1292,2024-10-11,phone,offline,proposal-by-phone,2,2,hotel_3
1293,2024-10-11,google,organic,(not set),1,1,hotel_3
1294,2024-10-11,ecosia.org,organic,(organic),1,1,hotel_3
1295,2024-10-11,source_19,referral,(referral),1,1,hotel_3
1296,2024-10-11,darksky.hu,referral,(referral),1,1,hotel_3
1297,2024-10-11,glamour.hu,referral,(referral),1,1,hotel_3
1298,2024-10-11,romaniatv.net,referral,(referral),1,1,hotel_3
1299,2024-10-11,search.brave.com,referral,(referral),1,1,hotel_3
1300,2024-10-11,statics.teams.cdn.office.net,referral,(referral),1,1,hotel_3
1301,2024-10-11,source_22,referral,(referral),1,1,hotel_3
1302,2024-10-11,google,cpc,HU | GDN | ENGM I Programok '24,1,1,hotel_3
1303,2024-10-11,bing,cpc,HU | PERF | Lokáció - All,1,1,hotel_3
1304,2024-10-12,(not set),(not set),(not set),513,558,hotel_3
1305,2024-10-12,google,cpc,(organic),303,370,hotel_3
1306,2024-10-12,(direct),(none),(direct),267,307,hotel_3
1307,2024-10-12,google,cpc,HU | GSN | PERF I Brand,180,236,hotel_3
1308,2024-10-12,google,organic,(organic),120,138,hotel_3
1309,2024-10-12,google,cpc,HU | pMAX | PERF I Brand,99,106,hotel_3
1310,2024-10-12,google,cpc,(not set),93,102,hotel_3
1311,2024-10-12,facebook,cpc,campaign_19,64,66,hotel_3
1312,2024-10-12,google,cpc,campaign_24,38,40,hotel_3
1313,2024-10-12,facebook,cpc,campaign_20,21,24,hotel_3
1314,2024-10-12,google,cpc,campaign_22,17,23,hotel_3
1315,2024-10-12,bing,cpc,campaign_2,16,17,hotel_3
1316,2024-10-12,google,cpc,campaign_23,14,16,hotel_3
1317,2024-10-12,instagram,referral,(referral),13,14,hotel_3
1318,2024-10-12,instagram,referral,(referral),13,14,hotel_3
1319,2024-10-12,google,cpc,DE | pMAX | PERF I Brand,14,14,hotel_3
1320,2024-10-12,facebook,referral,(referral),12,12,hotel_3
1321,2024-10-12,google,cpc,campaign_27,8,12,hotel_3
1322,2024-10-12,redir.d-edgeconnect.media,referral,(referral),8,11,hotel_3
1323,2024-10-12,facebook,referral,(referral),9,10,hotel_3
1324,2024-10-12,ajanlat,offline,campaign_10,8,10,hotel_3
1325,2024-10-12,(direct),(none),(not set),3,6,hotel_3
1326,2024-10-12,bing,cpc,HU | PERF I Brand,4,6,hotel_3
1327,2024-10-12,bing,organic,(organic),2,5,hotel_3
1328,2024-10-12,facebook,referral,(referral),4,5,hotel_3
1329,2024-10-12,bing,cpc,campaign_40,4,5,hotel_3
1330,2024-10-12,google,organic,(not set),3,4,hotel_3
1331,2024-10-12,glamour.hu,referral,(referral),4,4,hotel_3
1332,2024-10-12,otpbankdirekt.hu,referral,(referral),1,4,hotel_3
1333,2024-10-12,google,cpc,(referral),3,3,hotel_3
1334,2024-10-12,google,cpc,campaign_30,1,3,hotel_3
1335,2024-10-12,facebook,cpc,campaign_21,3,3,hotel_3
1336,2024-10-12,duckduckgo,organic,(organic),1,2,hotel_3
1337,2024-10-12,google,referral,(referral),2,2,hotel_3
1338,2024-10-12,google,cpc,campaign_28,2,2,hotel_3
1339,2024-10-12,ajanlat,email,campaign_15,2,2,hotel_3
1340,2024-10-12,dailybusiness.ro,referral,(referral),1,1,hotel_3
1341,2024-10-12,kereso.startlap.hu,referral,(referral),1,1,hotel_3
1342,2024-10-12,google,cpc,campaign_26,1,1,hotel_3
1343,2024-10-12,google,cpc,HU | GDN | ENGM I Programok '24,1,1,hotel_3
1344,2024-10-12,instagram,cpc,campaign_38,1,1,hotel_3
1345,2024-10-12,hirlevel,ct,hirlevel_c5,1,1,hotel_3
1346,2024-10-12,ajanlat,offline,proposal-by-phone,1,1,hotel_3
1347,2024-10-13,(not set),(not set),(not set),819,917,hotel_3
1348,2024-10-13,google,cpc,(organic),412,510,hotel_3
1349,2024-10-13,(direct),(none),(direct),362,420,hotel_3
1350,2024-10-13,google,cpc,HU | GSN | PERF I Brand,288,390,hotel_3
1351,2024-10-13,google,organic,(organic),185,228,hotel_3
1352,2024-10-13,google,cpc,(not set),117,123,hotel_3
1353,2024-10-13,google,cpc,HU | pMAX | PERF I Brand,107,116,hotel_3
1354,2024-10-13,facebook,cpc,campaign_19,80,86,hotel_3
1355,2024-10-13,google,cpc,campaign_24,57,58,hotel_3
1356,2024-10-13,facebook,referral,(referral),32,34,hotel_3
1357,2024-10-13,google,cpc,campaign_22,22,24,hotel_3
1358,2024-10-13,facebook,cpc,campaign_20,20,20,hotel_3
1359,2024-10-13,google,cpc,campaign_23,18,19,hotel_3
1360,2024-10-13,bing,cpc,campaign_2,17,19,hotel_3
1361,2024-10-13,google,cpc,campaign_27,16,18,hotel_3
1362,2024-10-13,facebook,referral,(referral),15,17,hotel_3
1363,2024-10-13,bing,organic,(organic),10,15,hotel_3
1364,2024-10-13,instagram,referral,(referral),14,15,hotel_3
1365,2024-10-13,google,cpc,DE | pMAX | PERF I Brand,13,15,hotel_3
1366,2024-10-13,redir.d-edgeconnect.media,referral,(referral),11,13,hotel_3
1367,2024-10-13,instagram,referral,(referral),12,12,hotel_3
1368,2024-10-13,bing,cpc,HU | PERF I Brand,11,12,hotel_3
1369,2024-10-13,ajanlat,offline,campaign_10,3,7,hotel_3
1370,2024-10-13,ajanlat,offline,proposal-by-phone,5,6,hotel_3
1371,2024-10-13,google,cpc,campaign_28,3,5,hotel_3
1372,2024-10-13,ajanlat,email,campaign_15,5,5,hotel_3
1373,2024-10-13,google,cpc,(referral),4,4,hotel_3
1374,2024-10-13,facebook,referral,(referral),4,4,hotel_3
1375,2024-10-13,bing,cpc,campaign_40,4,4,hotel_3
1376,2024-10-13,facebook,cpc,campaign_21,4,4,hotel_3
1377,2024-10-13,kapu.hu,referral,(referral),1,3,hotel_3
1378,2024-10-13,otpbankdirekt.hu,referral,(referral),3,3,hotel_3
1379,2024-10-13,google,cpc,campaign_30,3,3,hotel_3
1380,2024-10-13,glamour.hu,referral,(referral),2,2,hotel_3
1381,2024-10-13,source_1,referral,(referral),2,2,hotel_3
1382,2024-10-13,thermengutscheine.at,referral,(referral),2,2,hotel_3
1383,2024-10-13,(direct),(none),(not set),1,1,hotel_3
1384,2024-10-13,google,organic,(not set),1,1,hotel_3
1385,2024-10-13,google,cpc,(not set),1,1,hotel_3
1386,2024-10-13,source_14,referral,(referral),1,1,hotel_3
1387,2024-10-13,emea.search.yahoo.com,referral,(referral),1,1,hotel_3
1388,2024-10-13,kereso.startlap.hu,referral,(referral),1,1,hotel_3
1389,2024-10-13,google,referral,(referral),1,1,hotel_3
1390,2024-10-13,thermenhotels.at,referral,(referral),1,1,hotel_3
1391,2024-10-13,wellcard.at,referral,(referral),1,1,hotel_3
1392,2024-10-13,bing,cpc,AT | PERF I Brand,1,1,hotel_3
1393,2024-10-13,bing,cpc,campaign_5,1,1,hotel_3
1394,2024-10-13,bing,cpc,HU | GSN | Desztináció,1,1,hotel_3
1395,2024-10-13,loyalty,email,loyalty-email,1,1,hotel_3
1396,2024-10-14,(not set),(not set),(not set),396,429,hotel_3
1397,2024-10-14,google,cpc,(organic),267,326,hotel_3
1398,2024-10-14,(direct),(none),(direct),192,225,hotel_3
1399,2024-10-14,google,cpc,HU | GSN | PERF I Brand,165,214,hotel_3
1400,2024-10-14,google,organic,(organic),126,160,hotel_3
1401,2024-10-14,google,cpc,HU | pMAX | PERF I Brand,117,128,hotel_3
1402,2024-10-14,google,cpc,(not set),99,104,hotel_3
1403,2024-10-14,facebook,cpc,campaign_19,63,64,hotel_3
1404,2024-10-14,google,cpc,campaign_24,34,35,hotel_3
1405,2024-10-14,facebook,referral,(referral),27,27,hotel_3
1406,2024-10-14,google,cpc,campaign_22,24,25,hotel_3
1407,2024-10-14,facebook,cpc,campaign_20,23,24,hotel_3
1408,2024-10-14,google,cpc,DE | pMAX | PERF I Brand,20,21,hotel_3
1409,2024-10-14,bing,cpc,campaign_2,19,21,hotel_3
1410,2024-10-14,google,cpc,campaign_23,16,18,hotel_3
1411,2024-10-14,facebook,cpc,campaign_21,15,15,hotel_3
1412,2024-10-14,bing,organic,(organic),13,14,hotel_3
1413,2024-10-14,facebook,referral,(referral),12,12,hotel_3
1414,2024-10-14,bing,cpc,HU | PERF I Brand,10,12,hotel_3
1415,2024-10-14,redir.d-edgeconnect.media,referral,(referral),10,11,hotel_3
1416,2024-10-14,otpbankdirekt.hu,referral,(referral),6,10,hotel_3
1417,2024-10-14,instagram,referral,(referral),8,9,hotel_3
1418,2024-10-14,instagram,referral,(referral),8,8,hotel_3
1419,2024-10-14,ajanlat,offline,campaign_10,6,7,hotel_3
1420,2024-10-14,facebook,referral,(referral),5,6,hotel_3
1421,2024-10-14,bing,cpc,AT | PERF I Brand,5,5,hotel_3
1422,2024-10-14,google,organic,(not set),3,4,hotel_3
1423,2024-10-14,bing,cpc,campaign_40,4,4,hotel_3
1424,2024-10-14,google,cpc,campaign_27,4,4,hotel_3
1425,2024-10-14,google,cpc,campaign_26,4,4,hotel_3
1426,2024-10-14,app.zoomsphere.com,referral,(referral),1,3,hotel_3
1427,2024-10-14,(direct),(none),(not set),2,2,hotel_3
1428,2024-10-14,google,cpc,(referral),2,2,hotel_3
1429,2024-10-14,thermengutscheine.at,referral,(referral),2,2,hotel_3
1430,2024-10-14,zadir.hu,referral,(referral),1,2,hotel_3
1431,2024-10-14,facebook,cpc,campaign_1,2,2,hotel_3
1432,2024-10-14,ajanlat,email,campaign_15,2,2,hotel_3
1433,2024-10-14,bing,organic,(not set),1,1,hotel_3
1434,2024-10-14,(direct),(none),(not set),1,1,hotel_3
1435,2024-10-14,email.seznam.cz,referral,(referral),1,1,hotel_3
1436,2024-10-14,email.t-online.de,referral,(referral),1,1,hotel_3
1437,2024-10-14,kapu.hu,referral,(referral),1,1,hotel_3
1438,2024-10-14,kereso.startlap.hu,referral,(referral),0,1,hotel_3
1439,2024-10-14,source_21,referral,(referral),1,1,hotel_3
1440,2024-10-14,google,cpc,campaign_33,1,1,hotel_3
1441,2024-10-14,bing,cpc,campaign_5,1,1,hotel_3
1442,2024-10-14,google,cpc,campaign_28,1,1,hotel_3
1443,2024-10-14,hirlevel,ct,hirlevel_c5,1,1,hotel_3
1444,2024-10-14,ajanlat,offline,proposal-by-phone,1,1,hotel_3
1445,2024-10-14,email,offline,proposal-by-phone,1,1,hotel_3
1446,2024-10-14,phone,offline,proposal-by-phone,1,1,hotel_3
1447,2024-10-15,(not set),(not set),(not set),365,397,hotel_3
1448,2024-10-15,google,cpc,(organic),246,301,hotel_3
1449,2024-10-15,(direct),(none),(direct),195,215,hotel_3
1450,2024-10-15,google,cpc,HU | GSN | PERF I Brand,126,172,hotel_3
1451,2024-10-15,google,organic,(organic),119,152,hotel_3
1452,2024-10-15,google,cpc,HU | pMAX | PERF I Brand,110,112,hotel_3
1453,2024-10-15,google,cpc,(not set),85,88,hotel_3
1454,2024-10-15,facebook,cpc,campaign_19,60,61,hotel_3
1455,2024-10-15,google,cpc,campaign_24,36,36,hotel_3
1456,2024-10-15,facebook,referral,(referral),25,26,hotel_3
1457,2024-10-15,facebook,cpc,campaign_21,23,24,hotel_3
1458,2024-10-15,bing,cpc,campaign_2,23,23,hotel_3
1459,2024-10-15,facebook,referral,(referral),18,22,hotel_3
1460,2024-10-15,instagram,referral,(referral),19,20,hotel_3
1461,2024-10-15,google,cpc,campaign_22,17,20,hotel_3
1462,2024-10-15,facebook,cpc,campaign_20,20,20,hotel_3
1463,2024-10-15,google,cpc,campaign_23,15,16,hotel_3
1464,2024-10-15,google,cpc,DE | pMAX | PERF I Brand,14,16,hotel_3
1465,2024-10-15,bing,organic,(organic),11,13,hotel_3
1466,2024-10-15,ajanlat,offline,campaign_10,8,12,hotel_3
1467,2024-10-15,bing,cpc,HU | PERF I Brand,9,11,hotel_3
1468,2024-10-15,google,cpc,campaign_27,8,10,hotel_3
1469,2024-10-15,redir.d-edgeconnect.media,referral,(referral),8,8,hotel_3
1470,2024-10-15,phone,offline,proposal-by-phone,3,7,hotel_3
1471,2024-10-15,app.zoomsphere.com,referral,(referral),2,5,hotel_3
1472,2024-10-15,instagram,referral,(referral),5,5,hotel_3
1473,2024-10-15,otpbankdirekt.hu,referral,(referral),1,5,hotel_3
1474,2024-10-15,(direct),(none),(not set),2,4,hotel_3
1475,2024-10-15,facebook,referral,(referral),4,4,hotel_3
1476,2024-10-15,google,cpc,(referral),3,3,hotel_3
1477,2024-10-15,source_17,referral,(referral),1,3,hotel_3
1478,2024-10-15,wellcard.at,referral,(referral),1,3,hotel_3
1479,2024-10-15,bing,cpc,AT | PERF I Brand,3,3,hotel_3
1480,2024-10-15,google,cpc,campaign_26,2,2,hotel_3
1481,2024-10-15,google,cpc,campaign_33,2,2,hotel_3
1482,2024-10-15,google,cpc,campaign_28,2,2,hotel_3
1483,2024-10-15,ajanlat,email,campaign_15,1,2,hotel_3
1484,2024-10-15,bing,organic,(not set),1,1,hotel_3
1485,2024-10-15,google,organic,(not set),1,1,hotel_3
1486,2024-10-15,yahoo,organic,(organic),1,1,hotel_3
1487,2024-10-15,source_19,referral,(referral),1,1,hotel_3
1488,2024-10-15,at.search.yahoo.com,referral,(referral),1,1,hotel_3
1489,2024-10-15,director-web.ro,referral,(referral),1,1,hotel_3
1490,2024-10-15,kapu.hu,referral,(referral),1,1,hotel_3
1491,2024-10-15,google,referral,(referral),1,1,hotel_3
1492,2024-10-15,source_23,referral,(referral),1,1,hotel_3
1493,2024-10-15,privacywall.org,referral,(referral),1,1,hotel_3
1494,2024-10-15,source_24,referral,(referral),1,1,hotel_3
1495,2024-10-15,thermengutscheine.at,referral,(referral),1,1,hotel_3
1496,2024-10-15,source_22,referral,(referral),1,1,hotel_3
1497,2024-10-15,webmail.telekom.hu,referral,(referral),1,1,hotel_3
1498,2024-10-15,zadir.hu,referral,(referral),1,1,hotel_3
1499,2024-10-15,google,cpc,campaign_30,1,1,hotel_3
1500,2024-10-16,(not set),(not set),(not set),294,313,hotel_3
1501,2024-10-16,google,cpc,(organic),225,266,hotel_3
1502,2024-10-16,(direct),(none),(direct),165,197,hotel_3
1503,2024-10-16,google,cpc,HU | GSN | PERF I Brand,114,137,hotel_3
1504,2024-10-16,google,organic,(organic),108,121,hotel_3
1505,2024-10-16,google,cpc,HU | pMAX | PERF I Brand,101,106,hotel_3
1506,2024-10-16,google,cpc,(not set),90,99,hotel_3
1507,2024-10-16,facebook,cpc,campaign_19,63,63,hotel_3
1508,2024-10-16,google,cpc,campaign_24,47,49,hotel_3
1509,2024-10-16,facebook,cpc,campaign_20,31,34,hotel_3
1510,2024-10-16,facebook,referral,(referral),29,30,hotel_3
1511,2024-10-16,facebook,cpc,campaign_21,25,26,hotel_3
1512,2024-10-16,facebook,referral,(referral),24,24,hotel_3
1513,2024-10-16,bing,cpc,campaign_2,22,24,hotel_3
1514,2024-10-16,google,cpc,campaign_22,17,20,hotel_3
1515,2024-10-16,instagram,referral,(referral),18,19,hotel_3
1516,2024-10-16,instagram,referral,(referral),14,16,hotel_3
1517,2024-10-16,google,cpc,campaign_23,13,13,hotel_3
1518,2024-10-16,ajanlat,offline,campaign_10,11,13,hotel_3
1519,2024-10-16,bing,organic,(organic),7,9,hotel_3
1520,2024-10-16,google,cpc,campaign_27,7,9,hotel_3
1521,2024-10-16,redir.d-edgeconnect.media,referral,(referral),7,8,hotel_3
1522,2024-10-16,google,cpc,DE | pMAX | PERF I Brand,8,8,hotel_3
1523,2024-10-16,bing,cpc,HU | PERF I Brand,3,6,hotel_3
1524,2024-10-16,ajanlat,offline,proposal-by-phone,3,6,hotel_3
1525,2024-10-16,bing,organic,(not set),3,4,hotel_3
1526,2024-10-16,(direct),(none),(not set),1,3,hotel_3
1527,2024-10-16,google,organic,(not set),2,3,hotel_3
1528,2024-10-16,bing,cpc,AT | PERF I Brand,3,3,hotel_3
1529,2024-10-16,google,cpc,(referral),2,2,hotel_3
1530,2024-10-16,kapu.hu,referral,(referral),1,2,hotel_3
1531,2024-10-16,facebook,referral,(referral),2,2,hotel_3
1532,2024-10-16,otpbankdirekt.hu,referral,(referral),2,2,hotel_3
1533,2024-10-16,romaniatv.net,referral,(referral),2,2,hotel_3
1534,2024-10-16,source_17,referral,(referral),1,2,hotel_3
1535,2024-10-16,zadir.hu,referral,(referral),1,2,hotel_3
1536,2024-10-16,bing,cpc,campaign_40,2,2,hotel_3
1537,2024-10-16,google,cpc,campaign_30,1,2,hotel_3
1538,2024-10-16,qwant.com,organic,(organic),1,1,hotel_3
1539,2024-10-16,e.issuu.com,referral,(referral),1,1,hotel_3
1540,2024-10-16,kereso.startlap.hu,referral,(referral),1,1,hotel_3
1541,2024-10-16,google,referral,(referral),1,1,hotel_3
1542,2024-10-16,thermengutscheine.at,referral,(referral),1,1,hotel_3
1543,2024-10-16,web.telegram.org,referral,(referral),1,1,hotel_3
1544,2024-10-16,google,cpc,campaign_33,1,1,hotel_3
1545,2024-10-16,hirlevel,ct,hirlevel_c5,1,1,hotel_3
1546,2024-10-16,email,offline,proposal-by-phone,1,1,hotel_3
1547,2024-10-16,phone,offline,proposal-by-phone,1,1,hotel_3
1548,2024-10-17,(not set),(not set),(not set),336,353,hotel_3
1549,2024-10-17,google,cpc,(organic),238,285,hotel_3
1550,2024-10-17,(direct),(none),(direct),188,214,hotel_3
1551,2024-10-17,google,cpc,HU | GSN | PERF I Brand,128,159,hotel_3
1552,2024-10-17,google,organic,(organic),106,132,hotel_3
1553,2024-10-17,google,cpc,HU | pMAX | PERF I Brand,118,130,hotel_3
1554,2024-10-17,google,cpc,(not set),111,114,hotel_3
1555,2024-10-17,google,cpc,campaign_24,53,54,hotel_3
1556,2024-10-17,facebook,cpc,campaign_19,50,51,hotel_3
1557,2024-10-17,facebook,referral,(referral),28,29,hotel_3
1558,2024-10-17,facebook,referral,(referral),28,29,hotel_3
1559,2024-10-17,facebook,cpc,campaign_21,29,29,hotel_3
1560,2024-10-17,facebook,cpc,campaign_20,25,25,hotel_3
1561,2024-10-17,google,cpc,campaign_22,19,23,hotel_3
1562,2024-10-17,bing,cpc,campaign_2,19,21,hotel_3
1563,2024-10-17,google,cpc,DE | pMAX | PERF I Brand,17,17,hotel_3
1564,2024-10-17,instagram,referral,(referral),15,16,hotel_3
1565,2024-10-17,instagram,referral,(referral),16,16,hotel_3
1566,2024-10-17,google,cpc,campaign_23,15,15,hotel_3
1567,2024-10-17,google,cpc,campaign_27,12,14,hotel_3
1568,2024-10-17,ajanlat,offline,campaign_10,8,14,hotel_3
1569,2024-10-17,bing,organic,(organic),8,12,hotel_3
1570,2024-10-17,bing,cpc,HU | PERF I Brand,6,10,hotel_3
1571,2024-10-17,source_22,referral,(referral),8,9,hotel_3
1572,2024-10-17,google,organic,(not set),5,7,hotel_3
1573,2024-10-17,facebook,referral,(referral),5,5,hotel_3
1574,2024-10-17,redir.d-edgeconnect.media,referral,(referral),5,5,hotel_3
1575,2024-10-17,ajanlat,email,campaign_15,4,4,hotel_3
1576,2024-10-17,ajanlat,offline,proposal-by-phone,3,4,hotel_3
1577,2024-10-17,kereso.startlap.hu,referral,(referral),3,3,hotel_3
1578,2024-10-17,facebook,cpc,campaign_1,2,3,hotel_3
1579,2024-10-17,app.zoomsphere.com,referral,(referral),2,2,hotel_3
1580,2024-10-17,at.search.yahoo.com,referral,(referral),1,2,hotel_3
1581,2024-10-17,kapu.hu,referral,(referral),1,2,hotel_3
1582,2024-10-17,source_11,referral,(referral),2,2,hotel_3
1583,2024-10-17,bing,cpc,AT | PERF I Brand,2,2,hotel_3
1584,2024-10-17,hirlevel_s1,newsletter,hirlevel_c1,2,2,hotel_3
1585,2024-10-17,hirlevel,ct,hirlevel_c6,1,2,hotel_3
1586,2024-10-17,hirlevel,ct,hirlevel_c5,2,2,hotel_3
1587,2024-10-17,(direct),(none),(not set),1,1,hotel_3
1588,2024-10-17,duckduckgo,organic,(organic),1,1,hotel_3
1589,2024-10-17,source_25,referral,(referral),1,1,hotel_3
1590,2024-10-17,csodasmagyarorszag.hu,referral,(referral),1,1,hotel_3
1591,2024-10-17,e.issuu.com,referral,(referral),1,1,hotel_3
1592,2024-10-17,source_20,referral,(referral),1,1,hotel_3
1593,2024-10-17,google,cpc,(referral),1,1,hotel_3
1594,2024-10-17,internetbank.otpbank.hu,referral,(referral),1,1,hotel_3
1595,2024-10-17,google,referral,(referral),1,1,hotel_3
1596,2024-10-17,otpbankdirekt.hu,referral,(referral),1,1,hotel_3
1597,2024-10-17,source_17,referral,(referral),1,1,hotel_3
1598,2024-10-17,zadir.hu,referral,(referral),1,1,hotel_3
1599,2024-10-17,google,cpc,campaign_33,1,1,hotel_3
1600,2024-10-17,google,cpc,campaign_28,1,1,hotel_3
1601,2024-10-17,phone,offline,proposal-by-phone,1,1,hotel_3
1602,2024-10-18,hirlevel,ct,hirlevel_c6,520,585,hotel_3
1603,2024-10-18,(not set),(not set),(not set),472,493,hotel_3
1604,2024-10-18,(direct),(none),(direct),289,331,hotel_3
1605,2024-10-18,google,cpc,(organic),254,300,hotel_3
1606,2024-10-18,google,cpc,HU | GSN | PERF I Brand,102,141,hotel_3
1607,2024-10-18,google,organic,(organic),110,131,hotel_3
1608,2024-10-18,google,cpc,HU | pMAX | PERF I Brand,129,131,hotel_3
1609,2024-10-18,google,cpc,(not set),109,116,hotel_3
1610,2024-10-18,facebook,cpc,campaign_19,57,58,hotel_3
1611,2024-10-18,google,cpc,campaign_24,44,47,hotel_3
1612,2024-10-18,bing,cpc,campaign_2,32,34,hotel_3
1613,2024-10-18,facebook,cpc,campaign_20,28,30,hotel_3
1614,2024-10-18,facebook,referral,(referral),28,29,hotel_3
1615,2024-10-18,facebook,cpc,campaign_21,24,25,hotel_3
1616,2024-10-18,facebook,referral,(referral),21,23,hotel_3
1617,2024-10-18,google,cpc,campaign_22,17,21,hotel_3
1618,2024-10-18,bing,cpc,HU | PERF I Brand,11,16,hotel_3
1619,2024-10-18,google,cpc,DE | pMAX | PERF I Brand,14,14,hotel_3
1620,2024-10-18,instagram,referral,(referral),10,11,hotel_3
1621,2024-10-18,instagram,referral,(referral),10,10,hotel_3
1622,2024-10-18,google,cpc,campaign_27,8,10,hotel_3
1623,2024-10-18,google,cpc,campaign_23,8,9,hotel_3
1624,2024-10-18,ajanlat,offline,campaign_10,9,9,hotel_3
1625,2024-10-18,google,cpc,(referral),7,7,hotel_3
1626,2024-10-18,hirlevel+,ct,hirlevel_c6,6,7,hotel_3
1627,2024-10-18,facebook,referral,(referral),6,6,hotel_3
1628,2024-10-18,hirlevel_s5,newsletter,hirlevel_c4,6,6,hotel_3
1629,2024-10-18,google,cpc,campaign_28,2,5,hotel_3
1630,2024-10-18,hirlevel,ct,hirlevel_c5,5,5,hotel_3
1631,2024-10-18,source_22,referral,(referral),3,3,hotel_3
1632,2024-10-18,bing,cpc,AT | PERF I Brand,2,3,hotel_3
1633,2024-10-18,facebook,cpc,campaign_1,3,3,hotel_3
1634,2024-10-18,(direct),(none),(not set),1,2,hotel_3
1635,2024-10-18,bing,organic,(not set),2,2,hotel_3
1636,2024-10-18,google,organic,(not set),2,2,hotel_3
1637,2024-10-18,bing,organic,(organic),2,2,hotel_3
1638,2024-10-18,email.seznam.cz,referral,(referral),2,2,hotel_3
1639,2024-10-18,google,referral,(referral),2,2,hotel_3
1640,2024-10-18,romaniatv.net,referral,(referral),2,2,hotel_3
1641,2024-10-18,statics.teams.cdn.office.net,referral,(referral),1,2,hotel_3
1642,2024-10-18,google,cpc,campaign_26,1,2,hotel_3
1643,2024-10-18,google,cpc,campaign_30,2,2,hotel_3
1644,2024-10-18,hirlevel_s3,newsletter,hirlevel_c2,2,2,hotel_3
1645,2024-10-18,ajanlat,email,campaign_15,2,2,hotel_3
1646,2024-10-18,ajanlat,offline,proposal-by-phone,2,2,hotel_3
1647,2024-10-18,google,organic,(not set),1,1,hotel_3
1648,2024-10-18,app.zoomsphere.com,referral,(referral),1,1,hotel_3
1649,2024-10-18,cdn.respond.io,referral,(referral),1,1,hotel_3
1650,2024-10-18,csodasmagyarorszag.hu,referral,(referral),1,1,hotel_3
1651,2024-10-18,otpbankdirekt.hu,referral,(referral),1,1,hotel_3
1652,2024-10-18,redir.d-edgeconnect.media,referral,(referral),1,1,hotel_3
1653,2024-10-18,search.brave.com,referral,(referral),1,1,hotel_3
1654,2024-10-18,t-pmail.centrum.sk,referral,(referral),1,1,hotel_3
1655,2024-10-18,web.telegram.org,referral,(referral),1,1,hotel_3
1656,2024-10-18,google,cpc,campaign_33,1,1,hotel_3
1657,2024-10-18,hirlevel_s1,newsletter,hirlevel_c1,1,1,hotel_3
1658,2024-10-18,email,offline,proposal-by-phone,1,1,hotel_3
1659,2024-10-18,phone,offline,proposal-by-phone,1,1,hotel_3
