,date,utm_campaign,utm_source,utm_medium,user_count,session_count,hotel_id
0,2024-09-18,(direct),(direct),(none),104,124,hotel_1
1,2024-09-18,(not set),google,cpc,59,59,hotel_1
2,2024-09-18,(organic),google,organic,37,40,hotel_1
3,2024-09-18,hu_brand,google,cpc,30,34,hotel_1
4,2024-09-18,campaign_16,google,cpc,23,25,hotel_1
5,2024-09-18,campaign_14,facebook,cpc,21,21,hotel_1
6,2024-09-18,campaign_15,google,cpc,18,19,hotel_1
7,2024-09-18,(referral),redir.d-edgeconnect.media,referral,12,12,hotel_1
8,2024-09-18,campaign_19,google,cpc,6,11,hotel_1
9,2024-09-18,hu_pmax_brand,google,cpc,8,9,hotel_1
10,2024-09-18,(organic),google,cpc,6,6,hotel_1
11,2024-09-18,(referral),source_1,referral,6,6,hotel_1
12,2024-09-18,(referral),facebook,referral,6,6,hotel_1
13,2024-09-18,(referral),facebook,referral,5,6,hotel_1
14,2024-09-18,campaign_17,google,cpc,5,6,hotel_1
15,2024-09-18,(referral),msn,referral,2,5,hotel_1
16,2024-09-18,campaign_18,facebook,cpc,5,5,hotel_1
17,2024-09-18,campaign_26,google,cpc,4,5,hotel_1
18,2024-09-18,campaign_22,google,cpc,4,4,hotel_1
19,2024-09-18,(not set),(not set),(not set),3,3,hotel_1
20,2024-09-18,campaign_20,google,cpc,3,3,hotel_1
21,2024-09-18,campaign_23,google,cpc,3,3,hotel_1
22,2024-09-18,(referral),hotelcms.hu,referral,2,2,hotel_1
23,2024-09-18,(referral),msn,referral,1,2,hotel_1
24,2024-09-18,campaign_28,bing,cpc,2,2,hotel_1
25,2024-09-18,campaign_24,google,cpc,2,2,hotel_1
26,2024-09-18,(organic),seznam,organic,1,1,hotel_1
27,2024-09-18,(referral),source_10,referral,1,1,hotel_1
28,2024-09-18,(referral),email.seznam.cz,referral,1,1,hotel_1
29,2024-09-18,(referral),google,referral,1,1,hotel_1
30,2024-09-18,(referral),statics.teams.cdn.office.net,referral,1,1,hotel_1
31,2024-09-18,campaign_8,fb,paid,1,1,hotel_1
32,2024-09-18,campaign_31,bing,cpc,1,1,hotel_1
33,2024-09-18,campaign_32,bing,cpc,1,1,hotel_1
34,2024-09-18,campaign_30,google,cpc,1,1,hotel_1
35,2024-09-18,campaign_25,google,cpc,1,1,hotel_1
36,2024-09-18,campaign_33,bing,cpc,1,1,hotel_1
37,2024-09-18,campaign_34,google,cpc,1,1,hotel_1
38,2024-09-18,campaign_21,facebook,cpc,1,1,hotel_1
39,2024-09-18,hirlevel_c3,source_9,newsletter,1,1,hotel_1
40,2024-09-18,utm_campaign,google,cpc,1,1,hotel_1
41,2024-09-19,campaign_24,google,cpc,2,4,hotel_1
42,2024-09-19,(not set),google,cpc,52,59,hotel_1
43,2024-09-19,(organic),google,organic,34,37,hotel_1
44,2024-09-19,campaign_16,google,cpc,26,35,hotel_1
45,2024-09-19,hu_brand,google,cpc,28,32,hotel_1
46,2024-09-19,campaign_14,facebook,cpc,19,20,hotel_1
47,2024-09-19,campaign_15,google,cpc,13,14,hotel_1
48,2024-09-19,(referral),facebook,referral,11,11,hotel_1
49,2024-09-19,(referral),redir.d-edgeconnect.media,referral,10,10,hotel_1
50,2024-09-19,campaign_18,facebook,cpc,10,10,hotel_1
51,2024-09-19,(not set),(not set),(not set),9,9,hotel_1
52,2024-09-19,hu_pmax_brand,google,cpc,7,8,hotel_1
53,2024-09-19,campaign_2,ajanlat,offline,4,7,hotel_1
54,2024-09-19,(referral),facebook,referral,6,6,hotel_1
55,2024-09-19,(referral),source_1,referral,5,5,hotel_1
56,2024-09-19,(referral),msn,referral,2,4,hotel_1
57,2024-09-19,campaign_19,google,cpc,4,4,hotel_1
58,2024-09-19,campaign_17,google,cpc,4,4,hotel_1
59,2024-09-19,campaign_23,google,cpc,4,4,hotel_1
60,2024-09-19,(direct),(direct),(none),55,63,hotel_1
61,2024-09-19,(organic),google,cpc,3,3,hotel_1
62,2024-09-19,proposal-by-phone,ajanlat,offline,3,3,hotel_1
63,2024-09-19,utm_campaign,google,cpc,2,3,hotel_1
64,2024-09-19,(organic),bing,organic,2,2,hotel_1
65,2024-09-19,(organic),seznam,organic,2,2,hotel_1
66,2024-09-19,(referral),facebook,referral,2,2,hotel_1
67,2024-09-19,campaign_25,google,cpc,2,2,hotel_1
68,2024-09-19,(referral),google,referral,1,1,hotel_1
69,2024-09-19,(referral),hotelcms.hu,referral,1,1,hotel_1
70,2024-09-19,(referral),instagram,referral,1,1,hotel_1
71,2024-09-19,(referral),msn,referral,1,1,hotel_1
72,2024-09-19,campaign_9,bing,cpc,1,1,hotel_1
73,2024-09-19,campaign_31,bing,cpc,1,1,hotel_1
74,2024-09-19,campaign_20,google,cpc,1,1,hotel_1
75,2024-09-19,campaign_22,google,cpc,1,1,hotel_1
76,2024-09-19,campaign_28,bing,cpc,1,1,hotel_1
77,2024-09-19,campaign_29,bing,cpc,1,1,hotel_1
78,2024-09-19,campaign_41,bing,cpc,1,1,hotel_1
79,2024-09-19,campaign_26,google,cpc,1,1,hotel_1
80,2024-09-19,hirlevel_c3,source_9,newsletter,1,1,hotel_1
81,2024-09-20,(direct),(direct),(none),51,64,hotel_1
82,2024-09-20,campaign_16,google,cpc,34,40,hotel_1
83,2024-09-20,hu_brand,google,cpc,35,39,hotel_1
84,2024-09-20,(organic),google,organic,36,36,hotel_1
85,2024-09-20,(not set),google,cpc,33,35,hotel_1
86,2024-09-20,campaign_14,facebook,cpc,20,20,hotel_1
87,2024-09-20,(referral),facebook,referral,7,8,hotel_1
88,2024-09-20,campaign_15,google,cpc,7,8,hotel_1
89,2024-09-20,campaign_18,facebook,cpc,8,8,hotel_1
90,2024-09-20,hu_pmax_brand,google,cpc,8,8,hotel_1
91,2024-09-20,(referral),facebook,referral,6,6,hotel_1
92,2024-09-20,campaign_19,google,cpc,5,6,hotel_1
93,2024-09-20,campaign_26,google,cpc,4,6,hotel_1
94,2024-09-20,(referral),facebook,referral,5,5,hotel_1
95,2024-09-20,campaign_28,bing,cpc,4,5,hotel_1
96,2024-09-20,(organic),google,cpc,4,4,hotel_1
97,2024-09-20,(referral),redir.d-edgeconnect.media,referral,3,4,hotel_1
98,2024-09-20,campaign_20,google,cpc,4,4,hotel_1
99,2024-09-20,(not set),(not set),(not set),2,3,hotel_1
100,2024-09-20,campaign_23,google,cpc,3,3,hotel_1
101,2024-09-20,campaign_2,ajanlat,offline,2,3,hotel_1
102,2024-09-20,(not set),google,organic,1,2,hotel_1
103,2024-09-20,(organic),seznam,organic,2,2,hotel_1
104,2024-09-20,(referral),instagram,referral,2,2,hotel_1
105,2024-09-20,campaign_9,bing,cpc,2,2,hotel_1
106,2024-09-20,(referral),source_1,referral,1,1,hotel_1
107,2024-09-20,(referral),source_13,referral,1,1,hotel_1
108,2024-09-20,campaign_31,bing,cpc,1,1,hotel_1
109,2024-09-20,campaign_30,google,cpc,1,1,hotel_1
110,2024-09-20,campaign_17,google,cpc,1,1,hotel_1
111,2024-09-20,campaign_33,bing,cpc,1,1,hotel_1
112,2024-09-20,campaign_27,google,cpc,1,1,hotel_1
113,2024-09-20,campaign_34,google,cpc,1,1,hotel_1
114,2024-09-20,campaign_13,bing,cpc,1,1,hotel_1
115,2024-09-20,campaign_22,google,cpc,1,1,hotel_1
116,2024-09-20,campaign_29,bing,cpc,1,1,hotel_1
117,2024-09-20,campaign_21,facebook,cpc,1,1,hotel_1
118,2024-09-20,campaign_24,google,cpc,1,1,hotel_1
119,2024-09-20,campaign_44,facebook,post,1,1,hotel_1
120,2024-09-20,utm_campaign,google,cpc,1,1,hotel_1
121,2024-09-21,campaign_20,google,cpc,4,4,hotel_1
122,2024-09-21,utm_campaign,google,cpc,1,1,hotel_1
123,2024-09-21,(direct),(direct),(none),35,40,hotel_1
124,2024-09-21,(not set),google,cpc,30,34,hotel_1
125,2024-09-21,campaign_16,google,cpc,30,34,hotel_1
126,2024-09-21,(referral),instagram,referral,20,21,hotel_1
127,2024-09-21,(referral),facebook,referral,18,18,hotel_1
128,2024-09-21,campaign_15,google,cpc,13,17,hotel_1
129,2024-09-21,campaign_14,facebook,cpc,17,17,hotel_1
130,2024-09-21,campaign_17,google,cpc,1,13,hotel_1
131,2024-09-21,hu_pmax_brand,google,cpc,8,9,hotel_1
132,2024-09-21,(referral),redir.d-edgeconnect.media,referral,6,6,hotel_1
133,2024-09-21,(referral),facebook,referral,5,5,hotel_1
134,2024-09-21,(referral),facebook,referral,5,5,hotel_1
135,2024-09-21,campaign_23,google,cpc,5,5,hotel_1
136,2024-09-21,campaign_18,facebook,cpc,4,5,hotel_1
137,2024-09-21,(not set),(not set),(not set),4,4,hotel_1
138,2024-09-21,hu_brand,google,cpc,41,44,hotel_1
139,2024-09-21,(organic),google,cpc,3,3,hotel_1
140,2024-09-21,(organic),seznam,organic,3,3,hotel_1
141,2024-09-21,campaign_19,google,cpc,3,3,hotel_1
142,2024-09-21,campaign_30,google,cpc,3,3,hotel_1
143,2024-09-21,(referral),source_1,referral,2,2,hotel_1
144,2024-09-21,campaign_7,ajanlat,email,1,2,hotel_1
145,2024-09-21,(referral),google,referral,0,1,hotel_1
146,2024-09-21,campaign_45,bing,cpc,1,1,hotel_1
147,2024-09-21,campaign_43,google,cpc,1,1,hotel_1
148,2024-09-21,campaign_25,google,cpc,1,1,hotel_1
149,2024-09-21,campaign_27,google,cpc,1,1,hotel_1
150,2024-09-21,campaign_21,facebook,cpc,1,1,hotel_1
151,2024-09-21,campaign_26,google,cpc,1,1,hotel_1
152,2024-09-21,proposal-by-phone,ajanlat,offline,1,1,hotel_1
153,2024-09-21,(organic),google,organic,39,43,hotel_1
154,2024-09-22,(organic),google,organic,45,52,hotel_1
155,2024-09-22,campaign_26,google,cpc,1,1,hotel_1
156,2024-09-22,campaign_16,google,cpc,55,67,hotel_1
157,2024-09-22,(not set),google,cpc,45,47,hotel_1
158,2024-09-22,hu_brand,google,cpc,35,37,hotel_1
159,2024-09-22,campaign_14,facebook,cpc,29,29,hotel_1
160,2024-09-22,campaign_19,google,cpc,16,20,hotel_1
161,2024-09-22,(referral),facebook,referral,15,17,hotel_1
162,2024-09-22,(referral),facebook,referral,14,14,hotel_1
163,2024-09-22,campaign_15,google,cpc,9,9,hotel_1
164,2024-09-22,campaign_18,facebook,cpc,9,9,hotel_1
165,2024-09-22,hu_pmax_brand,google,cpc,9,9,hotel_1
166,2024-09-22,campaign_17,google,cpc,6,8,hotel_1
167,2024-09-22,(not set),(not set),(not set),6,6,hotel_1
168,2024-09-22,(referral),redir.d-edgeconnect.media,referral,6,6,hotel_1
169,2024-09-22,campaign_20,google,cpc,5,6,hotel_1
170,2024-09-22,campaign_30,google,cpc,5,6,hotel_1
171,2024-09-22,(organic),seznam,organic,4,4,hotel_1
172,2024-09-22,(organic),google,cpc,1,3,hotel_1
173,2024-09-22,(referral),google,referral,3,3,hotel_1
174,2024-09-22,(referral),source_1,referral,3,3,hotel_1
175,2024-09-22,campaign_23,google,cpc,3,3,hotel_1
176,2024-09-22,campaign_22,google,cpc,3,3,hotel_1
177,2024-09-22,campaign_28,bing,cpc,3,3,hotel_1
178,2024-09-22,(organic),bing,organic,2,2,hotel_1
179,2024-09-22,(referral),facebook,referral,2,2,hotel_1
180,2024-09-22,campaign_31,bing,cpc,2,2,hotel_1
181,2024-09-22,campaign_24,google,cpc,2,2,hotel_1
182,2024-09-22,campaign_2,ajanlat,offline,1,2,hotel_1
183,2024-09-22,(organic),yahoo,organic,1,1,hotel_1
184,2024-09-22,(referral),source_10,referral,1,1,hotel_1
185,2024-09-22,(referral),instagram,referral,1,1,hotel_1
186,2024-09-22,(referral),instagram,referral,1,1,hotel_1
187,2024-09-22,(referral),msn,referral,1,1,hotel_1
188,2024-09-22,campaign_25,google,cpc,1,1,hotel_1
189,2024-09-22,campaign_34,google,cpc,1,1,hotel_1
190,2024-09-22,(direct),(direct),(none),43,52,hotel_1
191,2024-09-23,(referral),facebook,referral,13,13,hotel_1
192,2024-09-23,utm_campaign,google,cpc,1,1,hotel_1
193,2024-09-23,(organic),google,organic,48,59,hotel_1
194,2024-09-23,hu_brand,google,cpc,42,44,hotel_1
195,2024-09-23,campaign_16,google,cpc,35,38,hotel_1
196,2024-09-23,campaign_18,facebook,cpc,24,25,hotel_1
197,2024-09-23,campaign_14,facebook,cpc,15,15,hotel_1
198,2024-09-23,(referral),facebook,referral,14,14,hotel_1
199,2024-09-23,campaign_15,google,cpc,14,14,hotel_1
200,2024-09-23,(direct),(direct),(none),63,75,hotel_1
201,2024-09-23,hu_pmax_brand,google,cpc,10,11,hotel_1
202,2024-09-23,(not set),(not set),(not set),7,9,hotel_1
203,2024-09-23,(referral),source_1,referral,8,9,hotel_1
204,2024-09-23,(referral),redir.d-edgeconnect.media,referral,8,9,hotel_1
205,2024-09-23,campaign_19,google,cpc,9,9,hotel_1
206,2024-09-23,campaign_17,google,cpc,8,8,hotel_1
207,2024-09-23,campaign_20,google,cpc,3,4,hotel_1
208,2024-09-23,campaign_26,google,cpc,4,4,hotel_1
209,2024-09-23,(organic),bing,organic,3,3,hotel_1
210,2024-09-23,(referral),google,referral,3,3,hotel_1
211,2024-09-23,(referral),msn,referral,2,3,hotel_1
212,2024-09-23,proposal-by-phone,email,offline,2,3,hotel_1
213,2024-09-23,(referral),instagram,referral,2,2,hotel_1
214,2024-09-23,campaign_30,google,cpc,2,2,hotel_1
215,2024-09-23,campaign_23,google,cpc,2,2,hotel_1
216,2024-09-23,campaign_24,google,cpc,2,2,hotel_1
217,2024-09-23,proposal-by-phone,phone,offline,1,2,hotel_1
218,2024-09-23,(organic),google,cpc,1,1,hotel_1
219,2024-09-23,(referral),facebook,referral,1,1,hotel_1
220,2024-09-23,(referral),google,referral,1,1,hotel_1
221,2024-09-23,(referral),statics.teams.cdn.office.net,referral,1,1,hotel_1
222,2024-09-23,campaign_9,bing,cpc,1,1,hotel_1
223,2024-09-23,campaign_31,bing,cpc,1,1,hotel_1
224,2024-09-23,campaign_32,bing,cpc,1,1,hotel_1
225,2024-09-23,campaign_42,bing,cpc,1,1,hotel_1
226,2024-09-23,campaign_45,bing,cpc,1,1,hotel_1
227,2024-09-23,campaign_27,google,cpc,1,1,hotel_1
228,2024-09-23,campaign_22,google,cpc,1,1,hotel_1
229,2024-09-23,campaign_28,bing,cpc,1,1,hotel_1
230,2024-09-23,campaign_21,facebook,cpc,0,1,hotel_1
231,2024-09-23,hirlevel_c6,source_16,newsletter,1,1,hotel_1
232,2024-09-23,loyalty-email,loyalty,email,1,1,hotel_1
233,2024-09-23,proposal-by-phone,ajanlat,offline,1,1,hotel_1
234,2024-09-23,(not set),google,cpc,56,62,hotel_1
235,2024-09-24,(direct),(direct),(none),51,59,hotel_1
236,2024-09-24,(organic),google,organic,52,59,hotel_1
237,2024-09-24,hu_brand,google,cpc,43,49,hotel_1
238,2024-09-24,campaign_16,google,cpc,44,48,hotel_1
239,2024-09-24,(not set),google,cpc,33,34,hotel_1
240,2024-09-24,campaign_18,facebook,cpc,26,26,hotel_1
241,2024-09-24,campaign_14,facebook,cpc,25,25,hotel_1
242,2024-09-24,(referral),facebook,referral,18,18,hotel_1
243,2024-09-24,campaign_15,google,cpc,15,16,hotel_1
244,2024-09-24,(referral),redir.d-edgeconnect.media,referral,12,15,hotel_1
245,2024-09-24,hu_pmax_brand,google,cpc,10,11,hotel_1
246,2024-09-24,(referral),msn,referral,6,8,hotel_1
247,2024-09-24,(referral),facebook,referral,7,7,hotel_1
248,2024-09-24,campaign_19,google,cpc,5,6,hotel_1
249,2024-09-24,(organic),google,cpc,4,5,hotel_1
250,2024-09-24,campaign_26,google,cpc,5,5,hotel_1
251,2024-09-24,(not set),(not set),(not set),3,3,hotel_1
252,2024-09-24,(referral),source_1,referral,3,3,hotel_1
253,2024-09-24,(referral),instagram,referral,3,3,hotel_1
254,2024-09-24,campaign_30,google,cpc,3,3,hotel_1
255,2024-09-24,campaign_23,google,cpc,3,3,hotel_1
256,2024-09-24,campaign_22,google,cpc,3,3,hotel_1
257,2024-09-24,(organic),bing,organic,2,2,hotel_1
258,2024-09-24,(organic),seznam,organic,1,2,hotel_1
259,2024-09-24,(referral),google,referral,2,2,hotel_1
260,2024-09-24,campaign_29,bing,cpc,2,2,hotel_1
261,2024-09-24,campaign_21,facebook,cpc,2,2,hotel_1
262,2024-09-24,hirlevel_c6,source_16,newsletter,2,2,hotel_1
263,2024-09-24,campaign_2,ajanlat,offline,1,2,hotel_1
264,2024-09-24,utm_campaign,google,cpc,2,2,hotel_1
265,2024-09-24,(referral),source_13,referral,1,1,hotel_1
266,2024-09-24,(referral),facebook,referral,1,1,hotel_1
267,2024-09-24,(referral),msn,referral,1,1,hotel_1
268,2024-09-24,campaign_31,bing,cpc,1,1,hotel_1
269,2024-09-24,campaign_20,google,cpc,1,1,hotel_1
270,2024-09-24,campaign_32,bing,cpc,1,1,hotel_1
271,2024-09-24,campaign_42,bing,cpc,1,1,hotel_1
272,2024-09-24,campaign_34,google,cpc,1,1,hotel_1
273,2024-09-24,campaign_35,bing,cpc,1,1,hotel_1
274,2024-09-24,campaign_28,bing,cpc,1,1,hotel_1
275,2024-09-24,hirlevel_c9,source_17,newsletter,1,1,hotel_1
276,2024-09-24,proposal-by-phone,ajanlat,offline,1,1,hotel_1
277,2024-09-24,proposal-by-phone,phone,offline,1,1,hotel_1
278,2024-09-25,(not set),google,cpc,36,39,hotel_1
279,2024-09-25,campaign_2,ajanlat,offline,0,1,hotel_1
280,2024-09-25,hu_brand,google,cpc,40,41,hotel_1
281,2024-09-25,(direct),(direct),(none),44,55,hotel_1
282,2024-09-25,(organic),google,organic,33,37,hotel_1
283,2024-09-25,campaign_18,facebook,cpc,29,29,hotel_1
284,2024-09-25,campaign_15,google,cpc,16,18,hotel_1
285,2024-09-25,campaign_14,facebook,cpc,15,16,hotel_1
286,2024-09-25,(referral),facebook,referral,12,13,hotel_1
287,2024-09-25,(referral),redir.d-edgeconnect.media,referral,12,13,hotel_1
288,2024-09-25,hu_pmax_brand,google,cpc,9,9,hotel_1
289,2024-09-25,(referral),facebook,referral,8,8,hotel_1
290,2024-09-25,(not set),(not set),(not set),5,6,hotel_1
291,2024-09-25,(referral),facebook,referral,6,6,hotel_1
292,2024-09-25,(referral),source_1,referral,4,4,hotel_1
293,2024-09-25,(referral),msn,referral,2,3,hotel_1
294,2024-09-25,campaign_19,google,cpc,3,3,hotel_1
295,2024-09-25,campaign_26,google,cpc,3,3,hotel_1
296,2024-09-25,proposal-by-phone,ajanlat,offline,2,3,hotel_1
297,2024-09-25,(organic),google,cpc,1,2,hotel_1
298,2024-09-25,(organic),bing,organic,1,1,hotel_1
299,2024-09-25,(organic),seznam,organic,1,1,hotel_1
300,2024-09-25,(organic),yahoo,organic,1,1,hotel_1
301,2024-09-25,(referral),source_18,referral,1,1,hotel_1
302,2024-09-25,(referral),source_19,referral,1,1,hotel_1
303,2024-09-25,(referral),instagram,referral,1,1,hotel_1
304,2024-09-25,campaign_20,google,cpc,1,1,hotel_1
305,2024-09-25,campaign_30,google,cpc,1,1,hotel_1
306,2024-09-25,campaign_42,bing,cpc,1,1,hotel_1
307,2024-09-25,campaign_43,google,cpc,1,1,hotel_1
308,2024-09-25,campaign_35,bing,cpc,1,1,hotel_1
309,2024-09-25,campaign_28,bing,cpc,1,1,hotel_1
310,2024-09-25,campaign_29,bing,cpc,1,1,hotel_1
311,2024-09-25,hirlevel_c9,source_17,newsletter,1,1,hotel_1
312,2024-09-25,campaign_16,google,cpc,39,42,hotel_1
313,2024-09-26,(organic),seznam,organic,1,1,hotel_1
314,2024-09-26,utm_campaign,google,cpc,1,1,hotel_1
315,2024-09-26,(organic),google,organic,40,45,hotel_1
316,2024-09-26,hu_brand,google,cpc,41,45,hotel_1
317,2024-09-26,campaign_18,facebook,cpc,35,35,hotel_1
318,2024-09-26,(not set),google,cpc,23,24,hotel_1
319,2024-09-26,campaign_15,google,cpc,17,20,hotel_1
320,2024-09-26,campaign_14,facebook,cpc,13,14,hotel_1
321,2024-09-26,(referral),facebook,referral,13,13,hotel_1
322,2024-09-26,(referral),source_1,referral,8,12,hotel_1
323,2024-09-26,hu_pmax_brand,google,cpc,11,12,hotel_1
324,2024-09-26,(referral),redir.d-edgeconnect.media,referral,8,8,hotel_1
325,2024-09-26,(not set),(not set),(not set),1,7,hotel_1
326,2024-09-26,(referral),msn,referral,4,7,hotel_1
327,2024-09-26,campaign_19,google,cpc,4,5,hotel_1
328,2024-09-26,(referral),facebook,referral,4,4,hotel_1
329,2024-09-26,(organic),google,cpc,2,3,hotel_1
330,2024-09-26,campaign_2,ajanlat,offline,3,3,hotel_1
331,2024-09-26,(referral),instagram,referral,2,2,hotel_1
332,2024-09-26,(referral),google,referral,2,2,hotel_1
333,2024-09-26,(referral),msn,referral,2,2,hotel_1
334,2024-09-26,campaign_20,google,cpc,1,2,hotel_1
335,2024-09-26,proposal-by-phone,email,offline,1,2,hotel_1
336,2024-09-26,(organic),bing,organic,1,1,hotel_1
337,2024-09-26,(organic),ecosia.org,organic,1,1,hotel_1
338,2024-09-26,(direct),(direct),(none),81,84,hotel_1
339,2024-09-26,(referral),source_6,referral,1,1,hotel_1
340,2024-09-26,(referral),email.seznam.cz,referral,1,1,hotel_1
341,2024-09-26,(referral),glamour.hu,referral,1,1,hotel_1
342,2024-09-26,(referral),gmail.hu,referral,1,1,hotel_1
343,2024-09-26,(referral),instagram,referral,1,1,hotel_1
344,2024-09-26,(referral),facebook,referral,1,1,hotel_1
345,2024-09-26,(referral),source_12,referral,1,1,hotel_1
346,2024-09-26,(referral),webmail.telekom.hu,referral,1,1,hotel_1
347,2024-09-26,campaign_9,bing,cpc,1,1,hotel_1
348,2024-09-26,campaign_27,google,cpc,1,1,hotel_1
349,2024-09-26,campaign_34,google,cpc,1,1,hotel_1
350,2024-09-26,campaign_22,google,cpc,1,1,hotel_1
351,2024-09-26,campaign_35,bing,cpc,1,1,hotel_1
352,2024-09-26,campaign_28,bing,cpc,1,1,hotel_1
353,2024-09-26,campaign_29,bing,cpc,1,1,hotel_1
354,2024-09-26,campaign_21,facebook,cpc,1,1,hotel_1
355,2024-09-26,campaign_26,google,cpc,1,1,hotel_1
356,2024-09-26,proposal-by-phone,ajanlat,offline,1,1,hotel_1
357,2024-09-26,campaign_16,google,cpc,37,49,hotel_1
358,2024-09-27,(direct),(direct),(none),59,63,hotel_1
359,2024-09-27,campaign_16,google,cpc,33,40,hotel_1
360,2024-09-27,hu_brand,google,cpc,36,40,hotel_1
361,2024-09-27,(organic),google,organic,31,35,hotel_1
362,2024-09-27,(not set),google,cpc,18,19,hotel_1
363,2024-09-27,campaign_15,google,cpc,18,19,hotel_1
364,2024-09-27,campaign_14,facebook,cpc,18,18,hotel_1
365,2024-09-27,hu_pmax_brand,google,cpc,16,16,hotel_1
366,2024-09-27,campaign_18,facebook,cpc,12,13,hotel_1
367,2024-09-27,(not set),(not set),(not set),2,8,hotel_1
368,2024-09-27,(organic),google,cpc,5,8,hotel_1
369,2024-09-27,(referral),redir.d-edgeconnect.media,referral,7,7,hotel_1
370,2024-09-27,campaign_19,google,cpc,7,7,hotel_1
371,2024-09-27,campaign_26,google,cpc,6,7,hotel_1
372,2024-09-27,(referral),facebook,referral,5,5,hotel_1
373,2024-09-27,(referral),msn,referral,5,5,hotel_1
374,2024-09-27,(referral),facebook,referral,4,4,hotel_1
375,2024-09-27,(referral),source_1,referral,3,3,hotel_1
376,2024-09-27,campaign_17,google,cpc,1,3,hotel_1
377,2024-09-27,(referral),source_6,referral,2,2,hotel_1
378,2024-09-27,(referral),instagram,referral,2,2,hotel_1
379,2024-09-27,campaign_42,bing,cpc,2,2,hotel_1
380,2024-09-27,campaign_28,bing,cpc,1,2,hotel_1
381,2024-09-27,loyalty-email,loyalty,email,1,2,hotel_1
382,2024-09-27,utm_campaign,google,cpc,2,2,hotel_1
383,2024-09-27,(not set),(direct),(none),1,1,hotel_1
384,2024-09-27,(referral),email.seznam.cz,referral,1,1,hotel_1
385,2024-09-27,(referral),glamour.hu,referral,1,1,hotel_1
386,2024-09-27,(referral),source_13,referral,1,1,hotel_1
387,2024-09-27,(referral),kereso.startlap.hu,referral,1,1,hotel_1
388,2024-09-27,(referral),instagram,referral,1,1,hotel_1
389,2024-09-27,(referral),mail.centrum.cz,referral,1,1,hotel_1
390,2024-09-27,(referral),trc.taboola.com,referral,1,1,hotel_1
391,2024-09-27,(referral),webmail.telekom.hu,referral,1,1,hotel_1
392,2024-09-27,campaign_31,bing,cpc,1,1,hotel_1
393,2024-09-27,campaign_30,google,cpc,1,1,hotel_1
394,2024-09-27,campaign_27,google,cpc,1,1,hotel_1
395,2024-09-27,campaign_53,google,cpc,1,1,hotel_1
396,2024-09-27,campaign_29,bing,cpc,1,1,hotel_1
397,2024-09-27,campaign_2,ajanlat,offline,1,1,hotel_1
398,2024-09-27,proposal-by-phone,email,offline,1,1,hotel_1
399,2024-09-28,(referral),facebook,referral,2,2,hotel_1
400,2024-09-28,proposal-by-phone,email,offline,1,1,hotel_1
401,2024-09-28,hu_brand,google,cpc,34,40,hotel_1
402,2024-09-28,(organic),google,organic,33,39,hotel_1
403,2024-09-28,campaign_14,facebook,cpc,24,26,hotel_1
404,2024-09-28,(not set),google,cpc,20,22,hotel_1
405,2024-09-28,campaign_15,google,cpc,12,13,hotel_1
406,2024-09-28,(referral),redir.d-edgeconnect.media,referral,11,12,hotel_1
407,2024-09-28,hu_pmax_brand,google,cpc,10,11,hotel_1
408,2024-09-28,(organic),google,cpc,4,7,hotel_1
409,2024-09-28,campaign_18,facebook,cpc,7,7,hotel_1
410,2024-09-28,(not set),(not set),(not set),5,6,hotel_1
411,2024-09-28,(referral),facebook,referral,6,6,hotel_1
412,2024-09-28,campaign_26,google,cpc,4,4,hotel_1
413,2024-09-28,(referral),source_1,referral,3,3,hotel_1
414,2024-09-28,(referral),instagram,referral,3,3,hotel_1
415,2024-09-28,campaign_19,google,cpc,3,3,hotel_1
416,2024-09-28,campaign_30,google,cpc,3,3,hotel_1
417,2024-09-28,hirlevel_c3,source_9,newsletter,2,3,hotel_1
418,2024-09-28,(organic),seznam,organic,2,2,hotel_1
419,2024-09-28,(referral),instagram,referral,2,2,hotel_1
420,2024-09-28,campaign_16,google,cpc,43,52,hotel_1
421,2024-09-28,(referral),source_7,referral,1,2,hotel_1
422,2024-09-28,campaign_42,bing,cpc,2,2,hotel_1
423,2024-09-28,campaign_2,ajanlat,offline,1,2,hotel_1
424,2024-09-28,(referral),source_13,referral,1,1,hotel_1
425,2024-09-28,(referral),kereso.startlap.hu,referral,1,1,hotel_1
426,2024-09-28,(referral),mail.centrum.cz,referral,1,1,hotel_1
427,2024-09-28,(referral),msn,referral,1,1,hotel_1
428,2024-09-28,(referral),msn,referral,1,1,hotel_1
429,2024-09-28,campaign_20,google,cpc,1,1,hotel_1
430,2024-09-28,campaign_34,google,cpc,1,1,hotel_1
431,2024-09-28,campaign_28,bing,cpc,1,1,hotel_1
432,2024-09-28,campaign_21,facebook,cpc,1,1,hotel_1
433,2024-09-28,(direct),(direct),(none),47,51,hotel_1
434,2024-09-29,(direct),(direct),(none),61,63,hotel_1
435,2024-09-29,campaign_16,google,cpc,48,57,hotel_1
436,2024-09-29,hu_brand,google,cpc,39,45,hotel_1
437,2024-09-29,(organic),google,organic,31,36,hotel_1
438,2024-09-29,(not set),google,cpc,30,35,hotel_1
439,2024-09-29,campaign_14,facebook,cpc,19,20,hotel_1
440,2024-09-29,campaign_15,google,cpc,16,18,hotel_1
441,2024-09-29,hu_pmax_brand,google,cpc,13,13,hotel_1
442,2024-09-29,campaign_19,google,cpc,9,12,hotel_1
443,2024-09-29,(referral),facebook,referral,9,10,hotel_1
444,2024-09-29,campaign_18,facebook,cpc,9,10,hotel_1
445,2024-09-29,(referral),redir.d-edgeconnect.media,referral,9,9,hotel_1
446,2024-09-29,proposal-by-phone,email,offline,1,9,hotel_1
447,2024-09-29,(not set),(not set),(not set),6,7,hotel_1
448,2024-09-29,(referral),source_1,referral,3,4,hotel_1
449,2024-09-29,(referral),facebook,referral,4,4,hotel_1
450,2024-09-29,(referral),instagram,referral,3,3,hotel_1
451,2024-09-29,campaign_30,google,cpc,3,3,hotel_1
452,2024-09-29,campaign_26,google,cpc,3,3,hotel_1
453,2024-09-29,(organic),seznam,organic,2,2,hotel_1
454,2024-09-29,(referral),msn,referral,2,2,hotel_1
455,2024-09-29,campaign_28,bing,cpc,2,2,hotel_1
456,2024-09-29,campaign_21,facebook,cpc,2,2,hotel_1
457,2024-09-29,(organic),google,cpc,1,1,hotel_1
458,2024-09-29,(referral),gmail.hu,referral,1,1,hotel_1
459,2024-09-29,(referral),instagram,referral,1,1,hotel_1
460,2024-09-29,(referral),source_7,referral,1,1,hotel_1
461,2024-09-29,campaign_33,bing,cpc,1,1,hotel_1
462,2024-09-29,campaign_35,bing,cpc,1,1,hotel_1
463,2024-09-29,hirlevel_c6,source_16,newsletter,1,1,hotel_1
464,2024-09-29,hirlevel_c5,source_9,newsletter,1,1,hotel_1
465,2024-09-30,campaign_28,bing,cpc,4,4,hotel_1
466,2024-09-30,proposal-by-phone,ajanlat,offline,1,1,hotel_1
467,2024-09-30,(organic),google,organic,50,54,hotel_1
468,2024-09-30,hu_brand,google,cpc,33,36,hotel_1
469,2024-09-30,(not set),google,cpc,24,26,hotel_1
470,2024-09-30,campaign_15,google,cpc,14,15,hotel_1
471,2024-09-30,hu_pmax_brand,google,cpc,15,15,hotel_1
472,2024-09-30,(referral),facebook,referral,11,14,hotel_1
473,2024-09-30,campaign_14,facebook,cpc,12,12,hotel_1
474,2024-09-30,campaign_19,google,cpc,9,11,hotel_1
475,2024-09-30,(referral),facebook,referral,10,10,hotel_1
476,2024-09-30,(referral),redir.d-edgeconnect.media,referral,8,8,hotel_1
477,2024-09-30,campaign_26,google,cpc,4,5,hotel_1
478,2024-09-30,(not set),(not set),(not set),4,4,hotel_1
479,2024-09-30,(referral),source_1,referral,4,4,hotel_1
480,2024-09-30,campaign_31,bing,cpc,3,4,hotel_1
481,2024-09-30,campaign_16,google,cpc,48,58,hotel_1
482,2024-09-30,(organic),google,cpc,3,3,hotel_1
483,2024-09-30,(referral),msn,referral,3,3,hotel_1
484,2024-09-30,(not set),(direct),(none),2,2,hotel_1
485,2024-09-30,(organic),seznam,organic,2,2,hotel_1
486,2024-09-30,(referral),facebook,referral,2,2,hotel_1
487,2024-09-30,campaign_21,facebook,cpc,2,2,hotel_1
488,2024-09-30,(referral),email.seznam.cz,referral,1,1,hotel_1
489,2024-09-30,(referral),hotelcms.hu,referral,1,1,hotel_1
490,2024-09-30,(referral),kereso.startlap.hu,referral,1,1,hotel_1
491,2024-09-30,campaign_54,google,cpc,1,1,hotel_1
492,2024-09-30,campaign_25,google,cpc,1,1,hotel_1
493,2024-09-30,campaign_34,google,cpc,1,1,hotel_1
494,2024-09-30,(direct),(direct),(none),51,55,hotel_1
495,2024-10-01,campaign_20,google,cpc,4,4,hotel_1
496,2024-10-01,(not set),google,cpc,42,50,hotel_1
497,2024-10-01,hu_brand,google,cpc,45,50,hotel_1
498,2024-10-01,campaign_16,google,cpc,44,49,hotel_1
499,2024-10-01,(direct),(direct),(none),33,38,hotel_1
500,2024-10-01,campaign_15,google,cpc,31,38,hotel_1
501,2024-10-01,campaign_14,facebook,cpc,19,19,hotel_1
502,2024-10-01,hu_pmax_brand,google,cpc,15,16,hotel_1
503,2024-10-01,campaign_19,google,cpc,9,13,hotel_1
504,2024-10-01,campaign_18,facebook,cpc,9,9,hotel_1
505,2024-10-01,(not set),(not set),(not set),7,7,hotel_1
506,2024-10-01,(referral),redir.d-edgeconnect.media,referral,7,7,hotel_1
507,2024-10-01,campaign_26,google,cpc,5,7,hotel_1
508,2024-10-01,(referral),facebook,referral,6,6,hotel_1
509,2024-10-01,(referral),facebook,referral,6,6,hotel_1
510,2024-10-01,(referral),source_1,referral,4,5,hotel_1
511,2024-10-01,campaign_17,google,cpc,5,5,hotel_1
512,2024-10-01,campaign_28,bing,cpc,5,5,hotel_1
513,2024-10-01,(organic),google,cpc,4,4,hotel_1
514,2024-10-01,(organic),google,organic,53,62,hotel_1
515,2024-10-01,campaign_21,facebook,cpc,3,3,hotel_1
516,2024-10-01,(referral),msn,referral,2,2,hotel_1
517,2024-10-01,campaign_31,bing,cpc,1,2,hotel_1
518,2024-10-01,campaign_23,google,cpc,2,2,hotel_1
519,2024-10-01,utm_campaign,google,cpc,1,2,hotel_1
520,2024-10-01,(not set),(direct),(none),1,1,hotel_1
521,2024-10-01,(organic),bing,organic,1,1,hotel_1
522,2024-10-01,(referral),facebook,referral,1,1,hotel_1
523,2024-10-01,campaign_42,bing,cpc,1,1,hotel_1
524,2024-10-01,campaign_43,google,cpc,1,1,hotel_1
525,2024-10-01,campaign_29,bing,cpc,1,1,hotel_1
526,2024-10-01,hirlevel_c6,source_16,newsletter,1,1,hotel_1
527,2024-10-01,proposal-by-phone,ajanlat,offline,1,1,hotel_1
528,2024-10-01,proposal-by-phone,phone,offline,1,1,hotel_1
529,2024-10-02,(direct),(direct),(none),48,52,hotel_1
530,2024-10-02,hu_brand,google,cpc,43,50,hotel_1
531,2024-10-02,(organic),google,organic,47,49,hotel_1
532,2024-10-02,(not set),google,cpc,43,46,hotel_1
533,2024-10-02,campaign_16,google,cpc,39,42,hotel_1
534,2024-10-02,campaign_15,google,cpc,24,24,hotel_1
535,2024-10-02,campaign_14,facebook,cpc,17,18,hotel_1
536,2024-10-02,hu_pmax_brand,google,cpc,17,18,hotel_1
537,2024-10-02,(referral),redir.d-edgeconnect.media,referral,11,12,hotel_1
538,2024-10-02,campaign_19,google,cpc,7,12,hotel_1
539,2024-10-02,(referral),source_1,referral,11,11,hotel_1
540,2024-10-02,(referral),facebook,referral,5,6,hotel_1
541,2024-10-02,(referral),facebook,referral,6,6,hotel_1
542,2024-10-02,campaign_20,google,cpc,4,5,hotel_1
543,2024-10-02,campaign_17,google,cpc,5,5,hotel_1
544,2024-10-02,(not set),(not set),(not set),2,4,hotel_1
545,2024-10-02,campaign_18,facebook,cpc,4,4,hotel_1
546,2024-10-02,(referral),mail.centrum.cz,referral,1,3,hotel_1
547,2024-10-02,(referral),msn,referral,3,3,hotel_1
548,2024-10-02,campaign_28,bing,cpc,2,3,hotel_1
549,2024-10-02,campaign_26,google,cpc,3,3,hotel_1
550,2024-10-02,(organic),bing,organic,2,2,hotel_1
551,2024-10-02,campaign_31,bing,cpc,2,2,hotel_1
552,2024-10-02,campaign_29,bing,cpc,2,2,hotel_1
553,2024-10-02,campaign_21,facebook,cpc,2,2,hotel_1
554,2024-10-02,(organic),duckduckgo,organic,1,1,hotel_1
555,2024-10-02,(organic),seznam,organic,1,1,hotel_1
556,2024-10-02,(referral),facebook,referral,1,1,hotel_1
557,2024-10-02,(referral),google,referral,1,1,hotel_1
558,2024-10-02,(referral),msn,referral,1,1,hotel_1
559,2024-10-02,campaign_30,google,cpc,1,1,hotel_1
560,2024-10-02,campaign_43,google,cpc,1,1,hotel_1
561,2024-10-02,campaign_34,google,cpc,1,1,hotel_1
562,2024-10-02,campaign_23,google,cpc,1,1,hotel_1
563,2024-10-03,(not set),(not set),(not set),4,7,hotel_1
564,2024-10-03,(not set),google,cpc,48,57,hotel_1
565,2024-10-03,hu_brand,google,cpc,53,57,hotel_1
566,2024-10-03,campaign_16,google,cpc,44,47,hotel_1
567,2024-10-03,(organic),google,organic,36,43,hotel_1
568,2024-10-03,campaign_15,google,cpc,17,19,hotel_1
569,2024-10-03,hu_pmax_brand,google,cpc,19,19,hotel_1
570,2024-10-03,campaign_14,facebook,cpc,14,14,hotel_1
571,2024-10-03,campaign_17,google,cpc,6,10,hotel_1
572,2024-10-03,(referral),source_1,referral,7,8,hotel_1
573,2024-10-03,(direct),(direct),(none),60,63,hotel_1
574,2024-10-03,campaign_23,google,cpc,6,7,hotel_1
575,2024-10-03,(referral),msn,referral,3,6,hotel_1
576,2024-10-03,(referral),redir.d-edgeconnect.media,referral,6,6,hotel_1
577,2024-10-03,campaign_18,facebook,cpc,6,6,hotel_1
578,2024-10-03,(referral),facebook,referral,5,5,hotel_1
579,2024-10-03,campaign_20,google,cpc,5,5,hotel_1
580,2024-10-03,(organic),bing,organic,4,4,hotel_1
581,2024-10-03,campaign_19,google,cpc,4,4,hotel_1
582,2024-10-03,(referral),facebook,referral,3,3,hotel_1
583,2024-10-03,campaign_30,google,cpc,3,3,hotel_1
584,2024-10-03,(referral),mail.centrum.cz,referral,1,2,hotel_1
585,2024-10-03,campaign_28,bing,cpc,2,2,hotel_1
586,2024-10-03,utm_campaign,google,cpc,2,2,hotel_1
587,2024-10-03,(not set),(direct),(none),1,1,hotel_1
588,2024-10-03,(organic),google,cpc,1,1,hotel_1
589,2024-10-03,(referral),kereso.startlap.hu,referral,1,1,hotel_1
590,2024-10-03,(referral),outlook.live.com,referral,1,1,hotel_1
591,2024-10-03,campaign_31,bing,cpc,1,1,hotel_1
592,2024-10-03,campaign_29,bing,cpc,1,1,hotel_1
593,2024-10-03,campaign_21,facebook,cpc,1,1,hotel_1
594,2024-10-03,campaign_26,google,cpc,1,1,hotel_1
595,2024-10-04,(direct),(direct),(none),54,57,hotel_1
596,2024-10-04,(organic),google,organic,41,46,hotel_1
597,2024-10-04,campaign_16,google,cpc,41,43,hotel_1
598,2024-10-04,hu_brand,google,cpc,37,40,hotel_1
599,2024-10-04,(not set),google,cpc,37,39,hotel_1
600,2024-10-04,campaign_15,google,cpc,13,18,hotel_1
601,2024-10-04,hu_pmax_brand,google,cpc,9,13,hotel_1
602,2024-10-04,(referral),msn,referral,5,8,hotel_1
603,2024-10-04,campaign_14,facebook,cpc,8,8,hotel_1
604,2024-10-04,campaign_28,bing,cpc,6,6,hotel_1
605,2024-10-04,(referral),source_1,referral,5,5,hotel_1
606,2024-10-04,campaign_23,google,cpc,5,5,hotel_1
607,2024-10-04,(referral),redir.d-edgeconnect.media,referral,4,4,hotel_1
608,2024-10-04,campaign_31,bing,cpc,3,4,hotel_1
609,2024-10-04,campaign_20,google,cpc,4,4,hotel_1
610,2024-10-04,campaign_18,facebook,cpc,4,4,hotel_1
611,2024-10-04,(not set),(not set),(not set),0,3,hotel_1
612,2024-10-04,(organic),google,cpc,3,3,hotel_1
613,2024-10-04,(referral),facebook,referral,3,3,hotel_1
614,2024-10-04,(referral),facebook,referral,3,3,hotel_1
615,2024-10-04,campaign_19,google,cpc,3,3,hotel_1
616,2024-10-04,(organic),bing,organic,2,2,hotel_1
617,2024-10-04,(referral),facebook,referral,2,2,hotel_1
618,2024-10-04,(referral),msn,referral,2,2,hotel_1
619,2024-10-04,campaign_21,facebook,cpc,2,2,hotel_1
620,2024-10-04,campaign_26,google,cpc,2,2,hotel_1
621,2024-10-04,(not set),(direct),(none),1,1,hotel_1
622,2024-10-04,(referral),kereso.startlap.hu,referral,1,1,hotel_1
623,2024-10-04,(referral),l.messenger.com,referral,1,1,hotel_1
624,2024-10-04,(referral),select.roadster.hu,referral,1,1,hotel_1
625,2024-10-04,campaign_30,google,cpc,1,1,hotel_1
626,2024-10-04,campaign_17,google,cpc,1,1,hotel_1
627,2024-10-04,campaign_29,bing,cpc,1,1,hotel_1
628,2024-10-04,loyalty-email,loyalty,email,1,1,hotel_1
629,2024-10-04,campaign_2,ajanlat,offline,1,1,hotel_1
630,2024-10-04,utm_campaign,google,cpc,1,1,hotel_1
631,2024-10-05,(direct),(direct),(none),46,53,hotel_1
632,2024-10-05,campaign_16,google,cpc,40,47,hotel_1
633,2024-10-05,hu_brand,google,cpc,45,47,hotel_1
634,2024-10-05,(organic),google,organic,36,38,hotel_1
635,2024-10-05,(not set),google,cpc,34,35,hotel_1
636,2024-10-05,campaign_15,google,cpc,19,19,hotel_1
637,2024-10-05,hu_pmax_brand,google,cpc,17,17,hotel_1
638,2024-10-05,(referral),redir.d-edgeconnect.media,referral,10,10,hotel_1
639,2024-10-05,(not set),(not set),(not set),5,8,hotel_1
640,2024-10-05,campaign_14,facebook,cpc,8,8,hotel_1
641,2024-10-05,campaign_19,google,cpc,5,6,hotel_1
642,2024-10-05,campaign_18,facebook,cpc,5,6,hotel_1
643,2024-10-05,(referral),facebook,referral,4,4,hotel_1
644,2024-10-05,campaign_28,bing,cpc,4,4,hotel_1
645,2024-10-05,(referral),source_1,referral,2,3,hotel_1
646,2024-10-05,(referral),facebook,referral,3,3,hotel_1
647,2024-10-05,campaign_31,bing,cpc,3,3,hotel_1
648,2024-10-05,campaign_20,google,cpc,3,3,hotel_1
649,2024-10-05,(organic),google,cpc,2,2,hotel_1
650,2024-10-05,(organic),seznam,organic,2,2,hotel_1
651,2024-10-05,(organic),yahoo,organic,1,2,hotel_1
652,2024-10-05,(not set),google,organic,1,1,hotel_1
653,2024-10-05,(referral),google,referral,1,1,hotel_1
654,2024-10-05,(referral),source_7,referral,1,1,hotel_1
655,2024-10-05,campaign_30,google,cpc,1,1,hotel_1
656,2024-10-05,campaign_17,google,cpc,1,1,hotel_1
657,2024-10-05,hirlevel_c5,source_9,newsletter,1,1,hotel_1
658,2024-10-05,campaign_2,ajanlat,offline,1,1,hotel_1
659,2024-10-05,proposal-by-phone,ajanlat,offline,1,1,hotel_1
660,2024-10-05,utm_campaign,google,cpc,1,1,hotel_1
661,2024-10-06,hu_brand,google,cpc,70,75,hotel_1
662,2024-10-06,(direct),(direct),(none),60,74,hotel_1
663,2024-10-06,campaign_16,google,cpc,61,67,hotel_1
664,2024-10-06,(organic),google,organic,48,53,hotel_1
665,2024-10-06,(not set),google,cpc,36,38,hotel_1
666,2024-10-06,campaign_15,google,cpc,21,22,hotel_1
667,2024-10-06,campaign_14,facebook,cpc,20,20,hotel_1
668,2024-10-06,hu_pmax_brand,google,cpc,14,15,hotel_1
669,2024-10-06,(referral),redir.d-edgeconnect.media,referral,8,9,hotel_1
670,2024-10-06,campaign_19,google,cpc,7,8,hotel_1
671,2024-10-06,(not set),(not set),(not set),7,7,hotel_1
672,2024-10-06,(referral),facebook,referral,6,7,hotel_1
673,2024-10-06,(referral),facebook,referral,7,7,hotel_1
674,2024-10-06,campaign_20,google,cpc,4,7,hotel_1
675,2024-10-06,(referral),source_1,referral,6,6,hotel_1
676,2024-10-06,campaign_17,google,cpc,3,3,hotel_1
677,2024-10-06,(referral),facebook,referral,1,2,hotel_1
678,2024-10-06,(referral),mail.centrum.cz,referral,1,2,hotel_1
679,2024-10-06,campaign_31,bing,cpc,2,2,hotel_1
680,2024-10-06,campaign_30,google,cpc,2,2,hotel_1
681,2024-10-06,campaign_43,google,cpc,1,2,hotel_1
682,2024-10-06,campaign_26,google,cpc,2,2,hotel_1
683,2024-10-06,(organic),google,cpc,1,1,hotel_1
684,2024-10-06,(referral),email.seznam.cz,referral,1,1,hotel_1
685,2024-10-06,(referral),kereso.startlap.hu,referral,1,1,hotel_1
686,2024-10-06,(referral),instagram,referral,1,1,hotel_1
687,2024-10-06,(referral),msn,referral,1,1,hotel_1
688,2024-10-06,(referral),msn,referral,1,1,hotel_1
689,2024-10-06,campaign_23,google,cpc,1,1,hotel_1
690,2024-10-06,campaign_28,bing,cpc,1,1,hotel_1
691,2024-10-07,hu_brand,google,cpc,66,73,hotel_1
692,2024-10-07,(direct),(direct),(none),61,71,hotel_1
693,2024-10-07,campaign_16,google,cpc,49,52,hotel_1
694,2024-10-07,(organic),google,organic,47,50,hotel_1
695,2024-10-07,(not set),google,cpc,34,35,hotel_1
696,2024-10-07,hu_pmax_brand,google,cpc,20,25,hotel_1
697,2024-10-07,campaign_15,google,cpc,20,21,hotel_1
698,2024-10-07,(referral),redir.d-edgeconnect.media,referral,12,12,hotel_1
699,2024-10-07,campaign_14,facebook,cpc,9,10,hotel_1
700,2024-10-07,campaign_19,google,cpc,7,7,hotel_1
701,2024-10-07,campaign_17,google,cpc,7,7,hotel_1
702,2024-10-07,campaign_18,facebook,cpc,7,7,hotel_1
703,2024-10-07,(not set),(not set),(not set),4,5,hotel_1
704,2024-10-07,(referral),msn,referral,2,5,hotel_1
705,2024-10-07,campaign_23,google,cpc,5,5,hotel_1
706,2024-10-07,campaign_28,bing,cpc,5,5,hotel_1
707,2024-10-07,campaign_2,ajanlat,offline,4,5,hotel_1
708,2024-10-07,(organic),bing,organic,3,4,hotel_1
709,2024-10-07,(referral),facebook,referral,4,4,hotel_1
710,2024-10-07,campaign_20,google,cpc,3,4,hotel_1
711,2024-10-07,utm_campaign,google,cpc,2,3,hotel_1
712,2024-10-07,(organic),seznam,organic,2,2,hotel_1
713,2024-10-07,(referral),source_1,referral,2,2,hotel_1
714,2024-10-07,(referral),facebook,referral,2,2,hotel_1
715,2024-10-07,(referral),google,referral,1,2,hotel_1
716,2024-10-07,campaign_30,google,cpc,2,2,hotel_1
717,2024-10-07,campaign_29,bing,cpc,2,2,hotel_1
718,2024-10-07,(direct),google,cpc,1,1,hotel_1
719,2024-10-07,(organic),google,cpc,1,1,hotel_1
720,2024-10-07,(referral),google,cpc,1,1,hotel_1
721,2024-10-07,(referral),hotelcms.hu,referral,1,1,hotel_1
722,2024-10-07,(referral),msn,referral,1,1,hotel_1
723,2024-10-07,(referral),statics.teams.cdn.office.net,referral,1,1,hotel_1
724,2024-10-07,campaign_9,bing,cpc,1,1,hotel_1
725,2024-10-07,campaign_43,google,cpc,1,1,hotel_1
726,2024-10-07,campaign_27,google,cpc,1,1,hotel_1
727,2024-10-07,campaign_34,google,cpc,1,1,hotel_1
728,2024-10-07,campaign_38,bing,cpc,1,1,hotel_1
729,2024-10-07,campaign_21,facebook,cpc,1,1,hotel_1
730,2024-10-07,campaign_26,google,cpc,1,1,hotel_1
731,2024-10-07,teszt,teszt,teszt,1,1,hotel_1
732,2024-10-08,hu_brand,google,cpc,71,80,hotel_1
733,2024-10-08,(organic),google,organic,59,64,hotel_1
734,2024-10-08,campaign_16,google,cpc,51,55,hotel_1
735,2024-10-08,(direct),(direct),(none),48,52,hotel_1
736,2024-10-08,(not set),google,cpc,41,42,hotel_1
737,2024-10-08,campaign_15,google,cpc,25,25,hotel_1
738,2024-10-08,hu_pmax_brand,google,cpc,15,16,hotel_1
739,2024-10-08,(referral),msn,referral,5,10,hotel_1
740,2024-10-08,campaign_19,google,cpc,8,9,hotel_1
741,2024-10-08,(referral),redir.d-edgeconnect.media,referral,8,8,hotel_1
742,2024-10-08,campaign_20,google,cpc,8,8,hotel_1
743,2024-10-08,campaign_23,google,cpc,6,8,hotel_1
744,2024-10-08,campaign_14,facebook,cpc,8,8,hotel_1
745,2024-10-08,(referral),facebook,referral,6,6,hotel_1
746,2024-10-08,(not set),(not set),(not set),4,5,hotel_1
747,2024-10-08,(referral),facebook,referral,5,5,hotel_1
748,2024-10-08,utm_campaign,google,cpc,4,4,hotel_1
749,2024-10-08,(referral),msn,referral,3,3,hotel_1
750,2024-10-08,campaign_17,google,cpc,3,3,hotel_1
751,2024-10-08,campaign_29,bing,cpc,3,3,hotel_1
752,2024-10-08,campaign_18,facebook,cpc,3,3,hotel_1
753,2024-10-08,(organic),bing,organic,2,2,hotel_1
754,2024-10-08,campaign_31,bing,cpc,2,2,hotel_1
755,2024-10-08,campaign_28,bing,cpc,2,2,hotel_1
756,2024-10-08,campaign_21,facebook,cpc,2,2,hotel_1
757,2024-10-08,(not set),(direct),(none),1,1,hotel_1
758,2024-10-08,(organic),google,cpc,1,1,hotel_1
759,2024-10-08,(organic),seznam,organic,1,1,hotel_1
760,2024-10-08,(referral),extranet.availpro.com,referral,1,1,hotel_1
761,2024-10-08,(referral),source_1,referral,1,1,hotel_1
762,2024-10-08,(referral),hotelcms.hu,referral,1,1,hotel_1
763,2024-10-08,(referral),instagram,referral,1,1,hotel_1
764,2024-10-08,(referral),m.hvg.hu,referral,1,1,hotel_1
765,2024-10-08,(referral),thermenhotels.at,referral,1,1,hotel_1
766,2024-10-08,AT,bing,cpc,1,1,hotel_1
767,2024-10-08,campaign_26,google,cpc,1,1,hotel_1
768,2024-10-08,campaign_24,google,cpc,1,1,hotel_1
769,2024-10-08,hirlevel_c5,source_9,newsletter,1,1,hotel_1
770,2024-10-08,proposal-by-phone,email,offline,1,1,hotel_1
771,2024-10-09,hu_brand,google,cpc,75,95,hotel_1
772,2024-10-09,(direct),(direct),(none),84,88,hotel_1
773,2024-10-09,(organic),google,organic,71,77,hotel_1
774,2024-10-09,campaign_16,google,cpc,57,69,hotel_1
775,2024-10-09,(not set),google,cpc,38,41,hotel_1
776,2024-10-09,campaign_15,google,cpc,22,26,hotel_1
777,2024-10-09,hu_pmax_brand,google,cpc,20,20,hotel_1
778,2024-10-09,(referral),redir.d-edgeconnect.media,referral,14,14,hotel_1
779,2024-10-09,campaign_19,google,cpc,8,8,hotel_1
780,2024-10-09,campaign_14,facebook,cpc,8,8,hotel_1
781,2024-10-09,(not set),(not set),(not set),4,5,hotel_1
782,2024-10-09,(referral),source_1,referral,5,5,hotel_1
783,2024-10-09,campaign_20,google,cpc,5,5,hotel_1
784,2024-10-09,campaign_28,bing,cpc,5,5,hotel_1
785,2024-10-09,(referral),facebook,referral,4,4,hotel_1
786,2024-10-09,(referral),msn,referral,2,3,hotel_1
787,2024-10-09,campaign_17,google,cpc,2,3,hotel_1
788,2024-10-09,campaign_26,google,cpc,2,3,hotel_1
789,2024-10-09,hirlevel_c10,source_11,newsletter,3,3,hotel_1
790,2024-10-09,utm_campaign,google,cpc,2,3,hotel_1
791,2024-10-09,(organic),seznam,organic,2,2,hotel_1
792,2024-10-09,(referral),kereso.startlap.hu,referral,1,2,hotel_1
793,2024-10-09,(referral),instagram,referral,2,2,hotel_1
794,2024-10-09,(referral),facebook,referral,2,2,hotel_1
795,2024-10-09,(referral),google,referral,1,2,hotel_1
796,2024-10-09,campaign_30,google,cpc,2,2,hotel_1
797,2024-10-09,campaign_23,google,cpc,2,2,hotel_1
798,2024-10-09,campaign_18,facebook,cpc,2,2,hotel_1
799,2024-10-09,campaign_21,facebook,cpc,2,2,hotel_1
800,2024-10-09,(not set),(direct),(none),1,1,hotel_1
801,2024-10-09,(referral),instagram,referral,1,1,hotel_1
802,2024-10-09,(referral),facebook,referral,1,1,hotel_1
803,2024-10-09,(referral),magan.szepkartya.otpportalok.hu,referral,1,1,hotel_1
804,2024-10-09,AT,bing,cpc,1,1,hotel_1
805,2024-10-09,campaign_9,bing,cpc,1,1,hotel_1
806,2024-10-09,campaign_31,bing,cpc,1,1,hotel_1
807,2024-10-09,campaign_34,google,cpc,1,1,hotel_1
808,2024-10-09,campaign_29,bing,cpc,1,1,hotel_1
809,2024-10-09,hirlevel_c5,source_9,newsletter,1,1,hotel_1
810,2024-10-09,loyalty-email,loyalty,email,1,1,hotel_1
811,2024-10-09,proposal-by-phone,email,offline,1,1,hotel_1
812,2024-10-10,(direct),(direct),(none),114,138,hotel_1
813,2024-10-10,hu_brand,google,cpc,104,125,hotel_1
814,2024-10-10,(organic),google,organic,85,115,hotel_1
815,2024-10-10,campaign_16,google,cpc,69,88,hotel_1
816,2024-10-10,(not set),google,cpc,43,52,hotel_1
817,2024-10-10,hu_pmax_brand,google,cpc,43,44,hotel_1
818,2024-10-10,campaign_15,google,cpc,40,41,hotel_1
819,2024-10-10,(referral),redir.d-edgeconnect.media,referral,18,20,hotel_1
820,2024-10-10,campaign_14,facebook,cpc,18,18,hotel_1
821,2024-10-10,(organic),bing,organic,11,14,hotel_1
822,2024-10-10,campaign_19,google,cpc,10,11,hotel_1
823,2024-10-10,(referral),source_1,referral,7,10,hotel_1
824,2024-10-10,(organic),google,cpc,3,8,hotel_1
825,2024-10-10,(referral),instagram,referral,7,7,hotel_1
826,2024-10-10,(not set),(not set),(not set),5,6,hotel_1
827,2024-10-10,(referral),facebook,referral,4,6,hotel_1
828,2024-10-10,(referral),msn,referral,4,5,hotel_1
829,2024-10-10,campaign_23,google,cpc,5,5,hotel_1
830,2024-10-10,campaign_2,ajanlat,offline,4,5,hotel_1
831,2024-10-10,campaign_28,bing,cpc,4,4,hotel_1
832,2024-10-10,(referral),facebook,referral,3,3,hotel_1
833,2024-10-10,(referral),facebook,referral,3,3,hotel_1
834,2024-10-10,campaign_20,google,cpc,3,3,hotel_1
835,2024-10-10,campaign_29,bing,cpc,1,3,hotel_1
836,2024-10-10,campaign_21,facebook,cpc,3,3,hotel_1
837,2024-10-10,campaign_26,google,cpc,3,3,hotel_1
838,2024-10-10,proposal-by-phone,ajanlat,offline,3,3,hotel_1
839,2024-10-10,utm_campaign,google,cpc,3,3,hotel_1
840,2024-10-10,(referral),glamour.hu,referral,2,2,hotel_1
841,2024-10-10,campaign_31,bing,cpc,2,2,hotel_1
842,2024-10-10,campaign_17,google,cpc,2,2,hotel_1
843,2024-10-10,campaign_34,google,cpc,1,2,hotel_1
844,2024-10-10,campaign_18,facebook,cpc,2,2,hotel_1
845,2024-10-10,(not set),(direct),(none),1,1,hotel_1
846,2024-10-10,(organic),seznam,organic,1,1,hotel_1
847,2024-10-10,(referral),source_21,referral,1,1,hotel_1
848,2024-10-10,(referral),google,cpc,1,1,hotel_1
849,2024-10-10,(referral),m.hvg.hu,referral,1,1,hotel_1
850,2024-10-10,(referral),google,referral,1,1,hotel_1
851,2024-10-10,(referral),msn,referral,1,1,hotel_1
852,2024-10-10,(referral),statics.teams.cdn.office.net,referral,1,1,hotel_1
853,2024-10-10,campaign_30,google,cpc,1,1,hotel_1
854,2024-10-10,campaign_27,google,cpc,1,1,hotel_1
855,2024-10-10,hirlevel_c5,source_9,newsletter,1,1,hotel_1
856,2024-10-10,hirlevel_c10,source_11,newsletter,1,1,hotel_1
857,2024-10-10,loyalty-email,loyalty,email,1,1,hotel_1
858,2024-10-11,(direct),(direct),(none),86,100,hotel_1
859,2024-10-11,hu_brand,google,cpc,83,92,hotel_1
860,2024-10-11,campaign_16,google,cpc,58,69,hotel_1
861,2024-10-11,(organic),google,organic,65,67,hotel_1
862,2024-10-11,(not set),google,cpc,42,59,hotel_1
863,2024-10-11,campaign_15,google,cpc,41,41,hotel_1
864,2024-10-11,hu_pmax_brand,google,cpc,22,25,hotel_1
865,2024-10-11,(not set),(not set),(not set),15,15,hotel_1
866,2024-10-11,campaign_14,facebook,cpc,14,14,hotel_1
867,2024-10-11,(referral),redir.d-edgeconnect.media,referral,10,12,hotel_1
868,2024-10-11,campaign_19,google,cpc,7,10,hotel_1
869,2024-10-11,campaign_23,google,cpc,5,7,hotel_1
870,2024-10-11,(referral),glamour.hu,referral,5,6,hotel_1
871,2024-10-11,campaign_26,google,cpc,3,6,hotel_1
872,2024-10-11,(organic),bing,organic,5,5,hotel_1
873,2024-10-11,(referral),facebook,referral,5,5,hotel_1
874,2024-10-11,campaign_29,bing,cpc,5,5,hotel_1
875,2024-10-11,(referral),facebook,referral,3,4,hotel_1
876,2024-10-11,campaign_28,bing,cpc,4,4,hotel_1
877,2024-10-11,(organic),google,cpc,2,3,hotel_1
878,2024-10-11,(referral),source_1,referral,3,3,hotel_1
879,2024-10-11,campaign_31,bing,cpc,3,3,hotel_1
880,2024-10-11,campaign_20,google,cpc,3,3,hotel_1
881,2024-10-11,campaign_30,google,cpc,3,3,hotel_1
882,2024-10-11,campaign_17,google,cpc,3,3,hotel_1
883,2024-10-11,campaign_18,facebook,cpc,3,3,hotel_1
884,2024-10-11,campaign_21,facebook,cpc,3,3,hotel_1
885,2024-10-11,(not set),(direct),(none),1,2,hotel_1
886,2024-10-11,(referral),msn,referral,2,2,hotel_1
887,2024-10-11,(referral),outlook.live.com,referral,2,2,hotel_1
888,2024-10-11,proposal-by-phone,ajanlat,offline,2,2,hotel_1
889,2024-10-11,(organic),seznam,organic,1,1,hotel_1
890,2024-10-11,(organic),yahoo,organic,1,1,hotel_1
891,2024-10-11,(referral),(direct),(none),0,1,hotel_1
892,2024-10-11,(referral),google,referral,1,1,hotel_1
893,2024-10-11,(referral),email.seznam.cz,referral,1,1,hotel_1
894,2024-10-11,(referral),instagram,referral,1,1,hotel_1
895,2024-10-11,(referral),kapu.hu,referral,1,1,hotel_1
896,2024-10-11,(referral),instagram,referral,1,1,hotel_1
897,2024-10-11,(referral),facebook,referral,1,1,hotel_1
898,2024-10-11,(referral),msn,referral,1,1,hotel_1
899,2024-10-11,campaign_42,bing,cpc,1,1,hotel_1
900,2024-10-11,campaign_38,bing,cpc,1,1,hotel_1
901,2024-10-11,proposal-by-phone,email,offline,1,1,hotel_1
902,2024-10-12,(organic),google,organic,93,101,hotel_1
903,2024-10-12,hu_brand,google,cpc,90,101,hotel_1
904,2024-10-12,(direct),(direct),(none),79,86,hotel_1
905,2024-10-12,campaign_16,google,cpc,64,75,hotel_1
906,2024-10-12,campaign_15,google,cpc,56,63,hotel_1
907,2024-10-12,hu_pmax_brand,google,cpc,38,42,hotel_1
908,2024-10-12,(not set),google,cpc,25,25,hotel_1
909,2024-10-12,(not set),(not set),(not set),9,12,hotel_1
910,2024-10-12,campaign_14,facebook,cpc,12,12,hotel_1
911,2024-10-12,(referral),redir.d-edgeconnect.media,referral,11,11,hotel_1
912,2024-10-12,campaign_19,google,cpc,8,11,hotel_1
913,2024-10-12,(organic),google,cpc,4,7,hotel_1
914,2024-10-12,campaign_17,google,cpc,7,7,hotel_1
915,2024-10-12,campaign_23,google,cpc,4,5,hotel_1
916,2024-10-12,campaign_26,google,cpc,4,5,hotel_1
917,2024-10-12,(referral),facebook,referral,4,4,hotel_1
918,2024-10-12,(referral),facebook,referral,2,3,hotel_1
919,2024-10-12,campaign_28,bing,cpc,3,3,hotel_1
920,2024-10-12,campaign_2,ajanlat,offline,2,3,hotel_1
921,2024-10-12,(organic),bing,organic,2,2,hotel_1
922,2024-10-12,(referral),kereso.startlap.hu,referral,2,2,hotel_1
923,2024-10-12,campaign_20,google,cpc,2,2,hotel_1
924,2024-10-12,campaign_29,bing,cpc,2,2,hotel_1
925,2024-10-12,(referral),cdn.taboola.com,referral,1,1,hotel_1
926,2024-10-12,(referral),email.seznam.cz,referral,1,1,hotel_1
927,2024-10-12,(referral),glamour.hu,referral,1,1,hotel_1
928,2024-10-12,(referral),thermenhotels.at,referral,1,1,hotel_1
929,2024-10-12,campaign_31,bing,cpc,1,1,hotel_1
930,2024-10-12,campaign_30,google,cpc,1,1,hotel_1
931,2024-10-12,campaign_18,facebook,cpc,1,1,hotel_1
932,2024-10-12,campaign_21,facebook,cpc,1,1,hotel_1
933,2024-10-12,hirlevel_c6,source_16,newsletter,1,1,hotel_1
934,2024-10-12,proposal-by-phone,phone,offline,1,1,hotel_1
935,2024-10-12,utm_campaign,google,cpc,1,1,hotel_1
936,2024-10-13,(not set),(not set),(not set),158,171,hotel_1
937,2024-10-13,(direct),(direct),(none),113,131,hotel_1
938,2024-10-13,hu_brand,google,cpc,79,97,hotel_1
939,2024-10-13,(organic),google,organic,81,87,hotel_1
940,2024-10-13,campaign_16,google,cpc,60,73,hotel_1
941,2024-10-13,campaign_15,google,cpc,43,46,hotel_1
942,2024-10-13,(not set),google,cpc,31,36,hotel_1
943,2024-10-13,hu_pmax_brand,google,cpc,34,34,hotel_1
944,2024-10-13,campaign_14,facebook,cpc,17,18,hotel_1
945,2024-10-13,(referral),source_1,referral,8,10,hotel_1
946,2024-10-13,(referral),redir.d-edgeconnect.media,referral,8,8,hotel_1
947,2024-10-13,(organic),google,cpc,4,6,hotel_1
948,2024-10-13,(referral),facebook,referral,5,5,hotel_1
949,2024-10-13,campaign_19,google,cpc,4,4,hotel_1
950,2024-10-13,campaign_30,google,cpc,3,4,hotel_1
951,2024-10-13,campaign_18,facebook,cpc,4,4,hotel_1
952,2024-10-13,(not set),(direct),(none),2,3,hotel_1
953,2024-10-13,(organic),bing,organic,3,3,hotel_1
954,2024-10-13,(referral),email.seznam.cz,referral,2,3,hotel_1
955,2024-10-13,(referral),facebook,referral,3,3,hotel_1
956,2024-10-13,campaign_20,google,cpc,3,3,hotel_1
957,2024-10-13,campaign_27,google,cpc,2,3,hotel_1
958,2024-10-13,campaign_23,google,cpc,3,3,hotel_1
959,2024-10-13,campaign_26,google,cpc,2,3,hotel_1
960,2024-10-13,(referral),glamour.hu,referral,2,2,hotel_1
961,2024-10-13,campaign_31,bing,cpc,2,2,hotel_1
962,2024-10-13,campaign_17,google,cpc,2,2,hotel_1
963,2024-10-13,campaign_28,bing,cpc,2,2,hotel_1
964,2024-10-13,campaign_21,facebook,cpc,2,2,hotel_1
965,2024-10-13,campaign_2,ajanlat,offline,2,2,hotel_1
966,2024-10-13,(organic),yahoo,organic,1,1,hotel_1
967,2024-10-13,(referral),connexservice.com,referral,0,1,hotel_1
968,2024-10-13,(referral),instagram,referral,1,1,hotel_1
969,2024-10-13,(referral),facebook,referral,1,1,hotel_1
970,2024-10-13,(referral),thermenhotels.at,referral,1,1,hotel_1
971,2024-10-13,campaign_29,bing,cpc,1,1,hotel_1
972,2024-10-13,hirlevel_c5,source_9,newsletter,1,1,hotel_1
973,2024-10-13,proposal-by-phone,ajanlat,offline,1,1,hotel_1
974,2024-10-13,proposal-by-phone,phone,offline,1,1,hotel_1
975,2024-10-13,utm_campaign,google,cpc,1,1,hotel_1
976,2024-10-14,(direct),(direct),(none),49,59,hotel_1
977,2024-10-14,(not set),google,cpc,46,53,hotel_1
978,2024-10-14,hu_brand,google,cpc,45,50,hotel_1
979,2024-10-14,(organic),google,organic,41,41,hotel_1
980,2024-10-14,campaign_16,google,cpc,32,35,hotel_1
981,2024-10-14,campaign_14,facebook,cpc,20,20,hotel_1
982,2024-10-14,campaign_15,google,cpc,15,16,hotel_1
983,2024-10-14,(referral),redir.d-edgeconnect.media,referral,15,15,hotel_1
984,2024-10-14,campaign_19,google,cpc,9,9,hotel_1
985,2024-10-14,(referral),source_1,referral,7,7,hotel_1
986,2024-10-14,campaign_2,ajanlat,offline,2,6,hotel_1
987,2024-10-14,campaign_20,google,cpc,5,5,hotel_1
988,2024-10-14,hu_pmax_brand,google,cpc,5,5,hotel_1
989,2024-10-14,(referral),facebook,referral,3,3,hotel_1
990,2024-10-14,(referral),facebook,referral,3,3,hotel_1
991,2024-10-14,campaign_31,bing,cpc,2,3,hotel_1
992,2024-10-14,campaign_17,google,cpc,3,3,hotel_1
993,2024-10-14,campaign_18,facebook,cpc,3,3,hotel_1
994,2024-10-14,campaign_26,google,cpc,3,3,hotel_1
995,2024-10-14,proposal-by-phone,ajanlat,offline,1,3,hotel_1
996,2024-10-14,(not set),(not set),(not set),0,2,hotel_1
997,2024-10-14,(organic),google,cpc,2,2,hotel_1
998,2024-10-14,(referral),email.seznam.cz,referral,2,2,hotel_1
999,2024-10-14,(referral),msn,referral,2,2,hotel_1
1000,2024-10-14,campaign_28,bing,cpc,2,2,hotel_1
1001,2024-10-14,(organic),bing,organic,1,1,hotel_1
1002,2024-10-14,(referral),instagram,referral,1,1,hotel_1
1003,2024-10-14,(referral),prm.connexservice.com,referral,1,1,hotel_1
1004,2024-10-14,campaign_30,google,cpc,1,1,hotel_1
1005,2024-10-14,campaign_23,google,cpc,1,1,hotel_1
1006,2024-10-14,campaign_29,bing,cpc,1,1,hotel_1
1007,2024-10-14,campaign_51,google,cpc,1,1,hotel_1
1008,2024-10-14,campaign_21,facebook,cpc,1,1,hotel_1
1009,2024-10-14,hirlevel_c6,source_16,newsletter,0,1,hotel_1
1010,2024-10-14,hirlevel_c9,source_17,newsletter,1,1,hotel_1
1011,2024-10-14,loyalty-email,loyalty,email,1,1,hotel_1
1012,2024-10-14,utm_campaign,google,cpc,1,1,hotel_1
1013,2024-10-15,(direct),(direct),(none),58,62,hotel_1
1014,2024-10-15,hu_brand,google,cpc,39,45,hotel_1
1015,2024-10-15,campaign_15,google,cpc,36,39,hotel_1
1016,2024-10-15,(organic),google,organic,34,38,hotel_1
1017,2024-10-15,campaign_16,google,cpc,32,37,hotel_1
1018,2024-10-15,(not set),google,cpc,31,35,hotel_1
1019,2024-10-15,hu_pmax_brand,google,cpc,33,33,hotel_1
1020,2024-10-15,campaign_14,facebook,cpc,22,22,hotel_1
1021,2024-10-15,(referral),redir.d-edgeconnect.media,referral,18,19,hotel_1
1022,2024-10-15,(referral),facebook,referral,9,9,hotel_1
1023,2024-10-15,campaign_19,google,cpc,8,9,hotel_1
1024,2024-10-15,utm_campaign,google,cpc,5,6,hotel_1
1025,2024-10-15,(referral),msn,referral,3,5,hotel_1
1026,2024-10-15,campaign_17,google,cpc,5,5,hotel_1
1027,2024-10-15,campaign_28,bing,cpc,4,5,hotel_1
1028,2024-10-15,campaign_20,google,cpc,3,4,hotel_1
1029,2024-10-15,campaign_23,google,cpc,4,4,hotel_1
1030,2024-10-15,proposal-by-phone,ajanlat,offline,2,4,hotel_1
1031,2024-10-15,(not set),(not set),(not set),1,3,hotel_1
1032,2024-10-15,(referral),source_1,referral,3,3,hotel_1
1033,2024-10-15,campaign_2,ajanlat,offline,3,3,hotel_1
1034,2024-10-15,(referral),instagram,referral,2,2,hotel_1
1035,2024-10-15,campaign_31,bing,cpc,2,2,hotel_1
1036,2024-10-15,campaign_18,facebook,cpc,2,2,hotel_1
1037,2024-10-15,campaign_21,facebook,cpc,2,2,hotel_1
1038,2024-10-15,campaign_26,google,cpc,2,2,hotel_1
1039,2024-10-15,(organic),bing,organic,1,1,hotel_1
1040,2024-10-15,(organic),google,cpc,1,1,hotel_1
1041,2024-10-15,(referral),source_23,referral,1,1,hotel_1
1042,2024-10-15,(referral),facebook,referral,1,1,hotel_1
1043,2024-10-15,(referral),search.brave.com,referral,1,1,hotel_1
1044,2024-10-15,(referral),select.roadster.hu,referral,1,1,hotel_1
1045,2024-10-15,(referral),zadir.hu,referral,1,1,hotel_1
1046,2024-10-16,(organic),google,organic,39,45,hotel_1
1047,2024-10-16,hu_brand,google,cpc,37,40,hotel_1
1048,2024-10-16,(direct),(direct),(none),37,39,hotel_1
1049,2024-10-16,(not set),google,cpc,32,38,hotel_1
1050,2024-10-16,campaign_16,google,cpc,28,31,hotel_1
1051,2024-10-16,campaign_15,google,cpc,21,22,hotel_1
1052,2024-10-16,campaign_14,facebook,cpc,21,22,hotel_1
1053,2024-10-16,hu_pmax_brand,google,cpc,20,21,hotel_1
1054,2024-10-16,campaign_18,facebook,cpc,10,10,hotel_1
1055,2024-10-16,campaign_20,google,cpc,7,7,hotel_1
1056,2024-10-16,(referral),source_1,referral,6,6,hotel_1
1057,2024-10-16,(referral),redir.d-edgeconnect.media,referral,5,6,hotel_1
1058,2024-10-16,(referral),facebook,referral,5,5,hotel_1
1059,2024-10-16,campaign_17,google,cpc,4,5,hotel_1
1060,2024-10-16,(referral),msn,referral,1,4,hotel_1
1061,2024-10-16,campaign_28,bing,cpc,4,4,hotel_1
1062,2024-10-16,campaign_29,bing,cpc,3,4,hotel_1
1063,2024-10-16,campaign_2,ajanlat,offline,4,4,hotel_1
1064,2024-10-16,(referral),facebook,referral,3,3,hotel_1
1065,2024-10-16,campaign_31,bing,cpc,3,3,hotel_1
1066,2024-10-16,campaign_26,google,cpc,3,3,hotel_1
1067,2024-10-16,(organic),bing,organic,2,2,hotel_1
1068,2024-10-16,(organic),google,cpc,2,2,hotel_1
1069,2024-10-16,(organic),seznam,organic,2,2,hotel_1
1070,2024-10-16,(referral),email.seznam.cz,referral,1,2,hotel_1
1071,2024-10-16,campaign_19,google,cpc,2,2,hotel_1
1072,2024-10-16,proposal-by-phone,ajanlat,offline,1,2,hotel_1
1073,2024-10-16,(not set),(direct),(none),1,1,hotel_1
1074,2024-10-16,(not set),(not set),(not set),1,1,hotel_1
1075,2024-10-16,(referral),instagram,referral,1,1,hotel_1
1076,2024-10-16,(referral),source_12,referral,1,1,hotel_1
1077,2024-10-16,(referral),trc.taboola.com,referral,1,1,hotel_1
1078,2024-10-16,campaign_23,google,cpc,1,1,hotel_1
1079,2024-10-16,campaign_21,facebook,cpc,1,1,hotel_1
1080,2024-10-16,proposal-by-phone,email,offline,1,1,hotel_1
1081,2024-10-16,utm_campaign,google,cpc,1,1,hotel_1
1082,2024-10-17,campaign_16,google,cpc,38,50,hotel_1
1083,2024-10-17,(direct),(direct),(none),42,43,hotel_1
1084,2024-10-17,hu_brand,google,cpc,41,43,hotel_1
1085,2024-10-17,(organic),google,organic,35,40,hotel_1
1086,2024-10-17,(not set),google,cpc,25,29,hotel_1
1087,2024-10-17,campaign_15,google,cpc,22,23,hotel_1
1088,2024-10-17,campaign_14,facebook,cpc,20,21,hotel_1
1089,2024-10-17,hu_pmax_brand,google,cpc,16,19,hotel_1
1090,2024-10-17,campaign_18,facebook,cpc,12,13,hotel_1
1091,2024-10-17,(referral),facebook,referral,9,9,hotel_1
1092,2024-10-17,(referral),csodasmagyarorszag.hu,referral,5,6,hotel_1
1093,2024-10-17,(referral),facebook,referral,5,6,hotel_1
1094,2024-10-17,campaign_19,google,cpc,6,6,hotel_1
1095,2024-10-17,(not set),(not set),(not set),5,5,hotel_1
1096,2024-10-17,(referral),source_1,referral,4,5,hotel_1
1097,2024-10-17,campaign_2,ajanlat,offline,5,5,hotel_1
1098,2024-10-17,campaign_20,google,cpc,3,4,hotel_1
1099,2024-10-17,campaign_56,facebook,cpc,4,4,hotel_1
1100,2024-10-17,(referral),facebook,referral,3,3,hotel_1
1101,2024-10-17,(referral),redir.d-edgeconnect.media,referral,3,3,hotel_1
1102,2024-10-17,campaign_31,bing,cpc,3,3,hotel_1
1103,2024-10-17,campaign_17,google,cpc,3,3,hotel_1
1104,2024-10-17,(organic),bing,organic,2,2,hotel_1
1105,2024-10-17,(referral),email.seznam.cz,referral,2,2,hotel_1
1106,2024-10-17,(referral),instagram,referral,2,2,hotel_1
1107,2024-10-17,campaign_29,bing,cpc,2,2,hotel_1
1108,2024-10-17,(organic),seznam,organic,1,1,hotel_1
1109,2024-10-17,(referral),source_23,referral,1,1,hotel_1
1110,2024-10-17,(referral),vendeghazak.hu,referral,1,1,hotel_1
1111,2024-10-17,(referral),source_7,referral,1,1,hotel_1
1112,2024-10-17,campaign_28,bing,cpc,1,1,hotel_1
1113,2024-10-17,campaign_21,facebook,cpc,1,1,hotel_1
1114,2024-10-17,campaign_26,google,cpc,1,1,hotel_1
1115,2024-10-17,campaign_7,ajanlat,email,1,1,hotel_1
1116,2024-10-18,(direct),(direct),(none),39,43,hotel_1
1117,2024-10-18,(not set),google,cpc,35,43,hotel_1
1118,2024-10-18,(organic),google,organic,35,38,hotel_1
1119,2024-10-18,hu_brand,google,cpc,35,37,hotel_1
1120,2024-10-18,hu_pmax_brand,google,cpc,29,30,hotel_1
1121,2024-10-18,campaign_16,google,cpc,23,25,hotel_1
1122,2024-10-18,campaign_15,google,cpc,18,19,hotel_1
1123,2024-10-18,campaign_14,facebook,cpc,10,11,hotel_1
1124,2024-10-18,campaign_18,facebook,cpc,10,10,hotel_1
1125,2024-10-18,(organic),google,cpc,5,5,hotel_1
1126,2024-10-18,campaign_19,google,cpc,4,5,hotel_1
1127,2024-10-18,campaign_17,google,cpc,5,5,hotel_1
1128,2024-10-18,campaign_26,google,cpc,3,5,hotel_1
1129,2024-10-18,(not set),(not set),(not set),3,4,hotel_1
1130,2024-10-18,(referral),facebook,referral,4,4,hotel_1
1131,2024-10-18,campaign_20,google,cpc,2,3,hotel_1
1132,2024-10-18,campaign_2,ajanlat,offline,3,3,hotel_1
1133,2024-10-18,(organic),seznam,organic,2,2,hotel_1
1134,2024-10-18,(referral),source_1,referral,2,2,hotel_1
1135,2024-10-18,(referral),facebook,referral,2,2,hotel_1
1136,2024-10-18,(referral),redir.d-edgeconnect.media,referral,1,2,hotel_1
1137,2024-10-18,campaign_30,google,cpc,2,2,hotel_1
1138,2024-10-18,campaign_28,bing,cpc,2,2,hotel_1
1139,2024-10-18,campaign_29,bing,cpc,2,2,hotel_1
1140,2024-10-18,campaign_56,facebook,cpc,2,2,hotel_1
1141,2024-10-18,hirlevel_c3,source_9,newsletter,1,2,hotel_1
1142,2024-10-18,(referral),csodasmagyarorszag.hu,referral,1,1,hotel_1
1143,2024-10-18,(referral),email.seznam.cz,referral,1,1,hotel_1
1144,2024-10-18,(referral),instagram,referral,1,1,hotel_1
1145,2024-10-18,(referral),instagram,referral,1,1,hotel_1
1146,2024-10-18,(referral),msn,referral,1,1,hotel_1
1147,2024-10-18,(referral),vendeghazak.hu,referral,1,1,hotel_1
1148,2024-10-18,campaign_31,bing,cpc,1,1,hotel_1
1149,2024-10-18,campaign_57,facebook,cpc,1,1,hotel_1
1150,2024-10-18,proposal-by-phone,email,offline,1,1,hotel_1
1151,2024-10-18,proposal-by-phone,phone,offline,1,1,hotel_1
