"date";"utm_source_and_medium";"utm_campaign";"user_count";"session_count"
"2024-09-18";"(not set)";"(not set)";"516";"676"
"2024-09-18";"(direct) / (none)";"(direct)";"227";"260"
"2024-09-18";"google / cpc";"(organic)";"221";"246"
"2024-09-18";"google / cpc";"HU | pMAX | PERF I Brand";"172";"187"
"2024-09-18";"google / organic";"(organic)";"153";"180"
"2024-09-18";"google / cpc";"HU | GSN | PERF I Brand";"130";"161"
"2024-09-18";"google / cpc";"(not set)";"92";"105"
"2024-09-18";"facebook / cpc";"campaign_19";"79";"83"
"2024-09-18";"facebook / cpc";"campaign_20";"51";"52"
"2024-09-18";"facebook / cpc";"campaign_21";"35";"38"
"2024-09-18";"google / cpc";"campaign_22";"27";"31"
"2024-09-18";"bing / organic";"(organic)";"7";"20"
"2024-09-18";"bing / cpc";"campaign_2";"20";"20"
"2024-09-18";"google / cpc";"campaign_23";"16";"19"
"2024-09-18";"google / cpc";"campaign_24";"19";"19"
"2024-09-18";"google / cpc";"DE | pMAX | PERF I Brand";"14";"18"
"2024-09-18";"m.facebook.com / referral";"(referral)";"16";"17"
"2024-09-18";"google / cpc";"campaign_25";"17";"17"
"2024-09-18";"l.facebook.com / referral";"(referral)";"12";"14"
"2024-09-18";"ajanlat / offline";"campaign_10";"8";"14"
"2024-09-18";"bing / cpc";"campaign_5";"3";"13"
"2024-09-18";"redir.d-edgeconnect.media / referral";"(referral)";"9";"10"
"2024-09-18";"google / cpc";"(referral)";"7";"8"
"2024-09-18";"google / cpc";"campaign_26";"5";"7"
"2024-09-18";"google / cpc";"HU | GDN | ENGM I Programok '24";"7";"7"
"2024-09-18";"phone / offline";"proposal-by-phone";"2";"7"
"2024-09-18";"l.instagram.com / referral";"(referral)";"4";"5"
"2024-09-18";"lm.facebook.com / referral";"(referral)";"3";"5"
"2024-09-18";"otpbankdirekt.hu / referral";"(referral)";"2";"5"
"2024-09-18";"google / cpc";"campaign_27";"3";"5"
"2024-09-18";"google / cpc";"campaign_28";"3";"5"
"2024-09-18";"hirlevel_s1";"hirlevel_c1";"3";"5"
"2024-09-18";"google / cpc";"campaign_29";"2";"4"
"2024-09-18";"bing / cpc";"HU | PERF | Lokáció - All";"4";"4"
"2024-09-18";"kereso.startlap.hu / referral";"(referral)";"1";"3"
"2024-09-18";"bing / cpc";"HU | pMAX | Brand '23/'24";"0";"3"
"2024-09-18";"hirlevel_s3";"hirlevel_c2";"1";"3"
"2024-09-18";"loyalty / email";"loyalty-email";"1";"3"
"2024-09-18";"ajanlat / offline";"proposal-by-phone";"2";"3"
"2024-09-18";"google / organic";"(not set)";"1";"2"
"2024-09-18";"live / organic";"(not set)";"1";"2"
"2024-09-18";"mail.google.com / referral";"(referral)";"1";"2"
"2024-09-18";"romaniatv.net / referral";"(referral)";"1";"2"
"2024-09-18";"bing / cpc";"AT | PERF | Brand";"2";"2"
"2024-09-18";"google / cpc";"campaign_30";"1";"2"
"2024-09-18";"google / organic";"(not+set)";"1";"1"
"2024-09-18";"ecosia.org / organic";"(organic)";"0";"1"
"2024-09-18";"click.pstmrk.it / referral";"(referral)";"1";"1"
"2024-09-18";"e.issuu.com / referral";"(referral)";"1";"1"
"2024-09-18";"economica.net / referral";"(referral)";"1";"1"
"2024-09-18";"email.seznam.cz / referral";"(referral)";"1";"1"
"2024-09-18";"hotelcms.hu / referral";"(referral)";"1";"1"
"2024-09-18";"source_1";"(referral)";"1";"1"
"2024-09-18";"leadersnet.at / referral";"(referral)";"1";"1"
"2024-09-18";"morgens.hu / referral";"(referral)";"1";"1"
"2024-09-18";"source_16";"(referral)";"1";"1"
"2024-09-18";"zadir.hu / referral";"(referral)";"0";"1"
"2024-09-18";"bing / cpc";"campaign_31";"0";"1"
"2024-09-18";"bing / cpc";"campaign_14";"1";"1"
"2024-09-18";"bing / cpc";"DE | GSN | Lokáció";"0";"1"
"2024-09-18";"bing / cpc";"DE | PERF | Lokáció";"1";"1"
"2024-09-18";"google / cpc";"campaign_32";"0";"1"
"2024-09-18";"facebook / cpc";"campaign_1";"0";"1"
"2024-09-18";"hirlevel_s5";"hirlevel_c4";"1";"1"
"2024-09-19";"(not set)";"(not set)";"616";"822"
"2024-09-19";"(direct) / (none)";"(direct)";"452";"510"
"2024-09-19";"google / cpc";"(organic)";"269";"303"
"2024-09-19";"google / organic";"(organic)";"165";"191"
"2024-09-19";"google / cpc";"HU | pMAX | PERF I Brand";"162";"172"
"2024-09-19";"google / cpc";"HU | GSN | PERF I Brand";"145";"167"
"2024-09-19";"google / cpc";"(not set)";"124";"140"
"2024-09-19";"facebook / cpc";"campaign_19";"82";"84"
"2024-09-19";"google / cpc";"campaign_22";"27";"51"
"2024-09-19";"facebook / cpc";"campaign_20";"45";"48"
"2024-09-19";"facebook / cpc";"campaign_21";"22";"33"
"2024-09-19";"hirlevel_s1";"hirlevel_c1";"22";"31"
"2024-09-19";"google / cpc";"campaign_24";"24";"25"
"2024-09-19";"bing / cpc";"campaign_2";"21";"23"
"2024-09-19";"l.facebook.com / referral";"(referral)";"14";"22"
"2024-09-19";"google / cpc";"campaign_25";"10";"22"
"2024-09-19";"m.facebook.com / referral";"(referral)";"19";"21"
"2024-09-19";"l.instagram.com / referral";"(referral)";"13";"18"
"2024-09-19";"google / cpc";"campaign_23";"13";"18"
"2024-09-19";"bing / organic";"(organic)";"15";"17"
"2024-09-19";"bing / cpc";"campaign_5";"4";"16"
"2024-09-19";"google / cpc";"HU | GDN | ENGM I Programok '24";"12";"12"
"2024-09-19";"instagram.com / referral";"(referral)";"11";"11"
"2024-09-19";"google / cpc";"DE | pMAX | PERF I Brand";"8";"10"
"2024-09-19";"hirlevel_s5";"hirlevel_c4";"8";"9"
"2024-09-19";"google / organic";"(not set)";"1";"8"
"2024-09-19";"redir.d-edgeconnect.media / referral";"(referral)";"6";"8"
"2024-09-19";"webmail.telekom.hu / referral";"(referral)";"6";"7"
"2024-09-19";"ajanlat / offline";"proposal-by-phone";"5";"7"
"2024-09-19";"hotelcms.hu / referral";"(referral)";"1";"6"
"2024-09-19";"google / cpc";"campaign_27";"2";"6"
"2024-09-19";"google / cpc";"campaign_28";"1";"6"
"2024-09-19";"hirlevel_s3";"hirlevel_c2";"4";"6"
"2024-09-19";"ajanlat / offline";"campaign_10";"3";"6"
"2024-09-19";"phone / offline";"proposal-by-phone";"4";"6"
"2024-09-19";"bing / cpc";"campaign_14";"3";"5"
"2024-09-19";"google / cpc";"campaign_33";"3";"5"
"2024-09-19";"app.zoomsphere.com / referral";"(referral)";"2";"4"
"2024-09-19";"mail.google.com / referral";"(referral)";"2";"4"
"2024-09-19";"zadirweb.com / referral";"(referral)";"1";"4"
"2024-09-19";"source_4";"(referral)";"2";"3"
"2024-09-19";"gmail.hu / referral";"(referral)";"3";"3"
"2024-09-19";"otpbankdirekt.hu / referral";"(referral)";"2";"3"
"2024-09-19";"romaniatv.net / referral";"(referral)";"2";"3"
"2024-09-19";"zadir.hu / referral";"(referral)";"1";"3"
"2024-09-19";"google / cpc";"campaign_26";"3";"3"
"2024-09-19";"(direct) / (none)";"(not set)";"2";"2"
"2024-09-19";"deref-gmx.net / referral";"(referral)";"1";"2"
"2024-09-19";"economica.net / referral";"(referral)";"1";"2"
"2024-09-19";"google / cpc";"(referral)";"1";"2"
"2024-09-19";"leadersnet.at / referral";"(referral)";"1";"2"
"2024-09-19";"lm.facebook.com / referral";"(referral)";"2";"2"
"2024-09-19";"m.gmail.hu / referral";"(referral)";"2";"2"
"2024-09-19";"mail.centrum.sk / referral";"(referral)";"1";"2"
"2024-09-19";"outlook.live.com / referral";"(referral)";"1";"2"
"2024-09-19";"youtube.com / referral";"(referral)";"1";"2"
"2024-09-19";"bing / cpc";"HU | PERF | Desztináció";"0";"2"
"2024-09-19";"facebook / cpc";"campaign_1";"2";"2"
"2024-09-19";"google / organic";"(not+set)";"1";"1"
"2024-09-19";"ecosia.org / organic";"(organic)";"1";"1"
"2024-09-19";"click.pstmrk.it / referral";"(referral)";"1";"1"
"2024-09-19";"cn.bing.com / referral";"(referral)";"1";"1"
"2024-09-19";"kereso.startlap.hu / referral";"(referral)";"1";"1"
"2024-09-19";"lightmailer-bap.gmx.net / referral";"(referral)";"1";"1"
"2024-09-19";"source_17";"(referral)";"1";"1"
"2024-09-19";"fb / paid";"campaign_34";"1";"1"
"2024-09-19";"bing / cpc";"campaign_35";"0";"1"
"2024-09-19";"google / cpc";"campaign_36";"1";"1"
"2024-09-19";"google / cpc";"campaign_30";"1";"1"
"2024-09-19";"bing / cpc";"HU | GSN | Brand";"1";"1"
"2024-09-19";"bing / cpc";"HU | GSN | Lokáció - All";"0";"1"
"2024-09-19";"google / cpc";"campaign_37";"1";"1"
"2024-09-19";"loyalty / email";"loyalty-email";"1";"1"
"2024-09-20";"(not set)";"(not set)";"416";"536"
"2024-09-20";"(direct) / (none)";"(direct)";"242";"264"
"2024-09-20";"google / cpc";"(organic)";"200";"220"
"2024-09-20";"google / organic";"(organic)";"132";"156"
"2024-09-20";"google / cpc";"HU | GSN | PERF I Brand";"125";"143"
"2024-09-20";"google / cpc";"HU | pMAX | PERF I Brand";"128";"136"
"2024-09-20";"google / cpc";"(not set)";"110";"116"
"2024-09-20";"facebook / cpc";"campaign_19";"92";"94"
"2024-09-20";"facebook / cpc";"campaign_20";"39";"43"
"2024-09-20";"facebook / cpc";"campaign_21";"28";"28"
"2024-09-20";"google / cpc";"campaign_22";"27";"27"
"2024-09-20";"bing / organic";"(organic)";"17";"24"
"2024-09-20";"bing / cpc";"campaign_2";"24";"24"
"2024-09-20";"google / cpc";"campaign_25";"14";"19"
"2024-09-20";"l.facebook.com / referral";"(referral)";"14";"17"
"2024-09-20";"google / cpc";"DE | pMAX | PERF I Brand";"13";"17"
"2024-09-20";"google / cpc";"campaign_24";"16";"16"
"2024-09-20";"redir.d-edgeconnect.media / referral";"(referral)";"9";"15"
"2024-09-20";"l.instagram.com / referral";"(referral)";"14";"14"
"2024-09-20";"google / cpc";"HU | GDN | ENGM I Programok '24";"8";"13"
"2024-09-20";"m.facebook.com / referral";"(referral)";"5";"11"
"2024-09-20";"google / cpc";"campaign_23";"11";"11"
"2024-09-20";"facebook / cpc";"campaign_1";"7";"9"
"2024-09-20";"hirlevel_s1";"hirlevel_c1";"8";"9"
"2024-09-20";"instagram.com / referral";"(referral)";"8";"8"
"2024-09-20";"google / cpc";"campaign_27";"5";"8"
"2024-09-20";"ajanlat / offline";"campaign_10";"4";"7"
"2024-09-20";"bing / cpc";"campaign_5";"2";"5"
"2024-09-20";"loyalty / email";"loyalty-email";"2";"5"
"2024-09-20";"(direct) / (none)";"(not set)";"3";"4"
"2024-09-20";"cdn.respond.io / referral";"(not set)";"1";"4"
"2024-09-20";"google / cpc";"(referral)";"1";"4"
"2024-09-20";"google / cpc";"campaign_26";"2";"4"
"2024-09-20";"hirlevel_s5";"hirlevel_c4";"4";"4"
"2024-09-20";"phone / offline";"proposal-by-phone";"2";"4"
"2024-09-20";"lm.facebook.com / referral";"(referral)";"2";"3"
"2024-09-20";"bing / cpc";"HU | PERF | Lokáció - All";"0";"3"
"2024-09-20";"deref-gmx.net / referral";"(not set)";"2";"2"
"2024-09-20";"google / organic";"(not set)";"2";"2"
"2024-09-20";"live / organic";"(not set)";"1";"2"
"2024-09-20";"leadersnet.at / referral";"(referral)";"1";"2"
"2024-09-20";"mail.google.com / referral";"(referral)";"1";"2"
"2024-09-20";"bing / cpc";"campaign_14";"2";"2"
"2024-09-20";"google / cpc";"campaign_36";"1";"2"
"2024-09-20";"google / cpc";"campaign_32";"2";"2"
"2024-09-20";"bing / cpc";"HU | PERF | Desztináció";"2";"2"
"2024-09-20";"hirlevel_s3";"hirlevel_c2";"2";"2"
"2024-09-20";"source_4";"(referral)";"1";"1"
"2024-09-20";"app.zoomsphere.com / referral";"(referral)";"1";"1"
"2024-09-20";"cdn.respond.io / referral";"(referral)";"1";"1"
"2024-09-20";"deref-gmx.net / referral";"(referral)";"1";"1"
"2024-09-20";"e.issuu.com / referral";"(referral)";"1";"1"
"2024-09-20";"source_1";"(referral)";"0";"1"
"2024-09-20";"lightmailer-bs.gmx.net / referral";"(referral)";"1";"1"
"2024-09-20";"otpbankdirekt.hu / referral";"(referral)";"0";"1"
"2024-09-20";"t-mail.centrum.sk / referral";"(referral)";"1";"1"
"2024-09-20";"source_17";"(referral)";"1";"1"
"2024-09-20";"wellcard.at / referral";"(referral)";"1";"1"
"2024-09-20";"wellcard.de / referral";"(referral)";"1";"1"
"2024-09-20";"zadir.hu / referral";"(referral)";"1";"1"
"2024-09-20";"ig / paid";"campaign_12";"1";"1"
"2024-09-20";"fb / paid";"campaign_7";"1";"1"
"2024-09-20";"bing / cpc";"AT | PERF | Brand";"1";"1"
"2024-09-20";"google / cpc";"campaign_33";"1";"1"
"2024-09-20";"instagram / cpc";"campaign_38";"1";"1"
"2024-09-20";"google / cpc";"campaign_37";"1";"1"
"2024-09-20";"ajanlat / offline";"proposal-by-phone";"0";"1"
"2024-09-21";"(not set)";"(not set)";"389";"566"
"2024-09-21";"google / cpc";"(organic)";"219";"247"
"2024-09-21";"(direct) / (none)";"(direct)";"188";"207"
"2024-09-21";"google / cpc";"HU | pMAX | PERF I Brand";"130";"144"
"2024-09-21";"google / cpc";"HU | GSN | PERF I Brand";"85";"130"
"2024-09-21";"google / organic";"(organic)";"106";"125"
"2024-09-21";"google / cpc";"(not set)";"100";"109"
"2024-09-21";"facebook / cpc";"campaign_19";"71";"74"
"2024-09-21";"facebook / cpc";"campaign_21";"35";"45"
"2024-09-21";"bing / cpc";"campaign_2";"37";"40"
"2024-09-21";"google / cpc";"campaign_24";"29";"30"
"2024-09-21";"facebook / cpc";"campaign_20";"27";"27"
"2024-09-21";"google / cpc";"campaign_22";"15";"22"
"2024-09-21";"m.facebook.com / referral";"(referral)";"17";"17"
"2024-09-21";"google / cpc";"campaign_23";"14";"15"
"2024-09-21";"google / cpc";"campaign_27";"7";"13"
"2024-09-21";"google / cpc";"DE | pMAX | PERF I Brand";"12";"13"
"2024-09-21";"bing / organic";"(organic)";"5";"12"
"2024-09-21";"l.facebook.com / referral";"(referral)";"9";"10"
"2024-09-21";"google / cpc";"HU | GDN | ENGM I Programok '24";"7";"9"
"2024-09-21";"google / cpc";"campaign_25";"8";"9"
"2024-09-21";"hirlevel_s1";"hirlevel_c1";"1";"9"
"2024-09-21";"redir.d-edgeconnect.media / referral";"(referral)";"6";"7"
"2024-09-21";"instagram.com / referral";"(referral)";"2";"4"
"2024-09-21";"mail.google.com / referral";"(referral)";"1";"4"
"2024-09-21";"bing / cpc";"campaign_14";"4";"4"
"2024-09-21";"google / cpc";"campaign_26";"1";"4"
"2024-09-21";"hirlevel_s5";"hirlevel_c4";"3";"4"
"2024-09-21";"loyalty / email";"loyalty-email";"1";"4"
"2024-09-21";"cdn.respond.io / referral";"(not set)";"1";"3"
"2024-09-21";"google / cpc";"(referral)";"3";"3"
"2024-09-21";"l.instagram.com / referral";"(referral)";"0";"3"
"2024-09-21";"google / cpc";"campaign_30";"3";"3"
"2024-09-21";"google / organic";"(not set)";"2";"2"
"2024-09-21";"live / organic";"(not set)";"1";"2"
"2024-09-21";"cdn.respond.io / referral";"(referral)";"1";"2"
"2024-09-21";"lm.facebook.com / referral";"(referral)";"2";"2"
"2024-09-21";"thermengutscheine.at / referral";"(referral)";"1";"2"
"2024-09-21";"google / cpc";"campaign_33";"1";"2"
"2024-09-21";"google / cpc";"campaign_36";"1";"2"
"2024-09-21";"bing / cpc";"HU | PERF | Lokáció - All";"2";"2"
"2024-09-21";"facebook / cpc";"campaign_1";"1";"2"
"2024-09-21";"ajanlat / email";"campaign_15";"1";"2"
"2024-09-21";"l.facebook.com / referral";"(not set)";"1";"1"
"2024-09-21";"google / organic";"(not+set)";"0";"1"
"2024-09-21";"duckduckgo / organic";"(organic)";"1";"1"
"2024-09-21";"ecosia.org / organic";"(organic)";"1";"1"
"2024-09-21";"source_4";"(referral)";"0";"1"
"2024-09-21";"deref-gmx.net / referral";"(referral)";"0";"1"
"2024-09-21";"glamour.hu / referral";"(referral)";"1";"1"
"2024-09-21";"m.gmail.hu / referral";"(referral)";"1";"1"
"2024-09-21";"webmail.telekom.hu / referral";"(referral)";"1";"1"
"2024-09-21";"wellcard.at / referral";"(referral)";"1";"1"
"2024-09-21";"google / cpc";"campaign_29";"1";"1"
"2024-09-21";"bing / cpc";"DE | PERF | Brand";"1";"1"
"2024-09-21";"bing / cpc";"campaign_5";"0";"1"
"2024-09-21";"google / cpc";"campaign_28";"1";"1"
"2024-09-21";"hirlevel_s3";"hirlevel_c2";"0";"1"
"2024-09-21";"ajanlat / offline";"proposal-by-phone";"1";"1"
"2024-09-22";"(not set)";"(not set)";"494";"668"
"2024-09-22";"google / cpc";"(organic)";"243";"282"
"2024-09-22";"(direct) / (none)";"(direct)";"208";"233"
"2024-09-22";"google / cpc";"HU | pMAX | PERF I Brand";"164";"173"
"2024-09-22";"google / cpc";"(not set)";"128";"146"
"2024-09-22";"google / cpc";"HU | GSN | PERF I Brand";"124";"140"
"2024-09-22";"google / organic";"(organic)";"125";"138"
"2024-09-22";"facebook / cpc";"campaign_19";"105";"107"
"2024-09-22";"facebook / cpc";"campaign_21";"55";"58"
"2024-09-22";"bing / cpc";"campaign_2";"26";"34"
"2024-09-22";"facebook / cpc";"campaign_20";"27";"29"
"2024-09-22";"l.facebook.com / referral";"(referral)";"23";"24"
"2024-09-22";"google / cpc";"campaign_23";"22";"24"
"2024-09-22";"google / cpc";"DE | pMAX | PERF I Brand";"24";"24"
"2024-09-22";"google / cpc";"campaign_22";"20";"24"
"2024-09-22";"redir.d-edgeconnect.media / referral";"(referral)";"15";"19"
"2024-09-22";"google / cpc";"campaign_24";"19";"19"
"2024-09-22";"m.facebook.com / referral";"(referral)";"12";"15"
"2024-09-22";"l.instagram.com / referral";"(referral)";"5";"14"
"2024-09-22";"hirlevel_s1";"hirlevel_c1";"4";"13"
"2024-09-22";"google / cpc";"campaign_25";"8";"11"
"2024-09-22";"bing / organic";"(organic)";"5";"10"
"2024-09-22";"google / cpc";"HU | GDN | ENGM I Programok '24";"7";"9"
"2024-09-22";"lm.facebook.com / referral";"(referral)";"6";"6"
"2024-09-22";"google / cpc";"campaign_27";"5";"5"
"2024-09-22";"hirlevel_s3";"hirlevel_c2";"1";"5"
"2024-09-22";"google / cpc";"(referral)";"4";"4"
"2024-09-22";"google / cpc";"campaign_28";"4";"4"
"2024-09-22";"(direct) / (none)";"(not set)";"1";"3"
"2024-09-22";"google / cpc";"campaign_26";"2";"3"
"2024-09-22";"phone / offline";"proposal-by-phone";"1";"3"
"2024-09-22";"cdn.respond.io / referral";"(not set)";"1";"2"
"2024-09-22";"m.facebook.com / referral";"(not set)";"2";"2"
"2024-09-22";"instagram.com / referral";"(referral)";"0";"2"
"2024-09-22";"kereso.startlap.hu / referral";"(referral)";"2";"2"
"2024-09-22";"mail.google.com / referral";"(referral)";"1";"2"
"2024-09-22";"romaniatv.net / referral";"(referral)";"2";"2"
"2024-09-22";"google / cpc";"campaign_33";"1";"2"
"2024-09-22";"bing / cpc";"campaign_5";"1";"2"
"2024-09-22";"bing / cpc";"HU | PERF | Lokáció - All";"2";"2"
"2024-09-22";"ajanlat / email";"campaign_15";"1";"2"
"2024-09-22";"deref-gmx.net / referral";"(not set)";"0";"1"
"2024-09-22";"google / organic";"(not set)";"0";"1"
"2024-09-22";"click.pstmrk.it / referral";"(referral)";"1";"1"
"2024-09-22";"deref-gmx.net / referral";"(referral)";"1";"1"
"2024-09-22";"dovolenanamiru.com / referral";"(referral)";"1";"1"
"2024-09-22";"source_18";"(referral)";"1";"1"
"2024-09-22";"wellcard.at / referral";"(referral)";"1";"1"
"2024-09-22";"ig / paid";"campaign_12";"1";"1"
"2024-09-22";"bing / cpc";"AT | PERF | Brand";"0";"1"
"2024-09-22";"google / cpc";"campaign_30";"1";"1"
"2024-09-22";"bing / cpc";"DE | PERF | Lokáció";"1";"1"
"2024-09-22";"facebook / cpc";"campaign_1";"1";"1"
"2024-09-22";"google / cpc";"campaign_37";"0";"1"
"2024-09-22";"hirlevel_s5";"hirlevel_c4";"0";"1"
"2024-09-22";"ajanlat / offline";"campaign_10";"0";"1"
"2024-09-22";"ajanlat / offline";"proposal-by-phone";"1";"1"
"2024-09-23";"(not set)";"(not set)";"560";"755"
"2024-09-23";"google / cpc";"(organic)";"289";"331"
"2024-09-23";"(direct) / (none)";"(direct)";"252";"299"
"2024-09-23";"google / organic";"(organic)";"184";"223"
"2024-09-23";"google / cpc";"HU | GSN | PERF I Brand";"143";"160"
"2024-09-23";"google / cpc";"HU | pMAX | PERF I Brand";"147";"157"
"2024-09-23";"google / cpc";"(not set)";"135";"143"
"2024-09-23";"facebook / cpc";"campaign_21";"129";"132"
"2024-09-23";"facebook / cpc";"campaign_19";"99";"103"
"2024-09-23";"bing / cpc";"campaign_2";"23";"50"
"2024-09-23";"l.facebook.com / referral";"(referral)";"36";"40"
"2024-09-23";"facebook / cpc";"campaign_20";"38";"40"
"2024-09-23";"m.facebook.com / referral";"(referral)";"26";"28"
"2024-09-23";"google / cpc";"DE | pMAX | PERF I Brand";"25";"26"
"2024-09-23";"google / cpc";"campaign_22";"24";"26"
"2024-09-23";"google / cpc";"campaign_23";"10";"16"
"2024-09-23";"bing / organic";"(organic)";"10";"14"
"2024-09-23";"google / cpc";"campaign_25";"12";"14"
"2024-09-23";"l.instagram.com / referral";"(referral)";"10";"13"
"2024-09-23";"redir.d-edgeconnect.media / referral";"(referral)";"8";"10"
"2024-09-23";"google / cpc";"campaign_27";"5";"9"
"2024-09-23";"google / cpc";"campaign_24";"3";"9"
"2024-09-23";"ajanlat / offline";"campaign_10";"5";"9"
"2024-09-23";"bing / cpc";"campaign_14";"2";"8"
"2024-09-23";"ajanlat / offline";"proposal-by-phone";"0";"7"
"2024-09-23";"google / organic";"(not set)";"6";"6"
"2024-09-23";"instagram.com / referral";"(referral)";"6";"6"
"2024-09-23";"google / cpc";"HU | GDN | ENGM I Programok '24";"5";"6"
"2024-09-23";"google / cpc";"(referral)";"5";"5"
"2024-09-23";"lm.facebook.com / referral";"(referral)";"4";"5"
"2024-09-23";"loyalty / email";"loyalty-email";"1";"4"
"2024-09-23";"source_17";"(referral)";"2";"3"
"2024-09-23";"ig / paid";"campaign_12";"2";"3"
"2024-09-23";"google / cpc";"campaign_30";"2";"3"
"2024-09-23";"google / cpc";"campaign_29";"1";"3"
"2024-09-23";"bing / cpc";"campaign_5";"3";"3"
"2024-09-23";"facebook / cpc";"campaign_1";"2";"3"
"2024-09-23";"(direct) / (none)";"(not set)";"1";"2"
"2024-09-23";"director-web.ro / referral";"(referral)";"1";"2"
"2024-09-23";"economica.net / referral";"(referral)";"2";"2"
"2024-09-23";"hotelcms.hu / referral";"(referral)";"1";"2"
"2024-09-23";"thermenhotels.at / referral";"(referral)";"1";"2"
"2024-09-23";"wellcard.at / referral";"(referral)";"0";"2"
"2024-09-23";"zadirweb.com / referral";"(referral)";"2";"2"
"2024-09-23";"google / cpc";"campaign_26";"2";"2"
"2024-09-23";"google / cpc";"campaign_33";"2";"2"
"2024-09-23";"google / cpc";"campaign_28";"2";"2"
"2024-09-23";"ajanlat / email";"campaign_15";"1";"2"
"2024-09-23";"phone / offline";"proposal-by-phone";"2";"2"
"2024-09-23";"ecosia.org / organic";"(organic)";"1";"1"
"2024-09-23";"dailybusiness.ro / referral";"(referral)";"1";"1"
"2024-09-23";"source_11";"(referral)";"1";"1"
"2024-09-23";"lightmailer-bs.gmx.net / referral";"(referral)";"1";"1"
"2024-09-23";"mail.google.com / referral";"(referral)";"1";"1"
"2024-09-23";"romaniatv.net / referral";"(referral)";"1";"1"
"2024-09-23";"t-mail.centrum.sk / referral";"(referral)";"0";"1"
"2024-09-23";"thermengutscheine.at / referral";"(referral)";"1";"1"
"2024-09-23";"fb / paid";"campaign_7";"1";"1"
"2024-09-23";"google / cpc";"campaign_32";"1";"1"
"2024-09-23";"bing / cpc";"HU | PERF | Lokáció - All";"1";"1"
"2024-09-23";"google / cpc";"campaign_37";"0";"1"
"2024-09-23";"bing / cpc";"campaign_39";"1";"1"
"2024-09-23";"hirlevel_s3";"hirlevel_c2";"1";"1"
"2024-09-23";"hirlevel_s1";"hirlevel_c1";"1";"1"
"2024-09-24";"(not set)";"(not set)";"593";"778"
"2024-09-24";"(direct) / (none)";"(direct)";"674";"712"
"2024-09-24";"google / cpc";"(organic)";"304";"335"
"2024-09-24";"google / organic";"(organic)";"174";"197"
"2024-09-24";"google / cpc";"HU | pMAX | PERF I Brand";"184";"192"
"2024-09-24";"google / cpc";"(not set)";"168";"182"
"2024-09-24";"google / cpc";"HU | GSN | PERF I Brand";"142";"165"
"2024-09-24";"facebook / cpc";"campaign_21";"126";"134"
"2024-09-24";"facebook / cpc";"campaign_19";"104";"105"
"2024-09-24";"bing / cpc";"campaign_2";"25";"46"
"2024-09-24";"google / cpc";"campaign_24";"40";"40"
"2024-09-24";"facebook / cpc";"campaign_20";"21";"35"
"2024-09-24";"google / cpc";"DE | pMAX | PERF I Brand";"33";"33"
"2024-09-24";"l.facebook.com / referral";"(referral)";"32";"32"
"2024-09-24";"google / cpc";"campaign_23";"27";"29"
"2024-09-24";"google / cpc";"campaign_22";"19";"27"
"2024-09-24";"m.facebook.com / referral";"(referral)";"18";"23"
"2024-09-24";"google / cpc";"campaign_25";"16";"16"
"2024-09-24";"google / cpc";"campaign_27";"13";"14"
"2024-09-24";"bing / organic";"(organic)";"10";"13"
"2024-09-24";"google / organic";"(not set)";"5";"11"
"2024-09-24";"bing / cpc";"campaign_14";"6";"11"
"2024-09-24";"l.instagram.com / referral";"(referral)";"8";"10"
"2024-09-24";"google / cpc";"HU | GDN | ENGM I Programok '24";"4";"7"
"2024-09-24";"webmail.telekom.hu / referral";"(referral)";"0";"6"
"2024-09-24";"ajanlat / email";"campaign_15";"2";"6"
"2024-09-24";"google / cpc";"(referral)";"3";"5"
"2024-09-24";"facebook / cpc";"campaign_1";"3";"5"
"2024-09-24";"click.pstmrk.it / referral";"(referral)";"2";"4"
"2024-09-24";"instagram.com / referral";"(referral)";"4";"4"
"2024-09-24";"lm.facebook.com / referral";"(referral)";"2";"4"
"2024-09-24";"redir.d-edgeconnect.media / referral";"(referral)";"4";"4"
"2024-09-24";"google / cpc";"campaign_29";"1";"4"
"2024-09-24";"hirlevel_s5";"hirlevel_c4";"0";"4"
"2024-09-24";"youtube.com / referral";"(referral)";"3";"3"
"2024-09-24";"google / cpc";"campaign_26";"2";"3"
"2024-09-24";"google / cpc";"campaign_33";"3";"3"
"2024-09-24";"google / cpc";"campaign_30";"2";"3"
"2024-09-24";"bing / cpc";"HU | PERF | Lokáció - All";"1";"3"
"2024-09-24";"google / cpc";"campaign_28";"2";"3"
"2024-09-24";"qwant.com / organic";"(organic)";"2";"2"
"2024-09-24";"mail.google.com / referral";"(referral)";"1";"2"
"2024-09-24";"romaniatv.net / referral";"(referral)";"2";"2"
"2024-09-24";"bing / cpc";"campaign_5";"1";"2"
"2024-09-24";"bing / cpc";"HU | PERF | Brand";"2";"2"
"2024-09-24";"bing / cpc";"campaign_39";"2";"2"
"2024-09-24";"ajanlat / offline";"proposal-by-phone";"0";"2"
"2024-09-24";"(direct) / (none)";"(not set)";"1";"1"
"2024-09-24";"cdn.respond.io / referral";"(not set)";"0";"1"
"2024-09-24";"source_9";"(not set)";"1";"1"
"2024-09-24";"ecosia.org / organic";"(organic)";"1";"1"
"2024-09-24";"192.168.8.1 / referral";"(referral)";"1";"1"
"2024-09-24";"dailybusiness.ro / referral";"(referral)";"1";"1"
"2024-09-24";"kereso.startlap.hu / referral";"(referral)";"1";"1"
"2024-09-24";"source_11";"(referral)";"1";"1"
"2024-09-24";"morgens.hu / referral";"(referral)";"1";"1"
"2024-09-24";"otpbankdirekt.hu / referral";"(referral)";"1";"1"
"2024-09-24";"source_9";"(referral)";"1";"1"
"2024-09-24";"thermengutscheine.at / referral";"(referral)";"1";"1"
"2024-09-24";"wellcard.at / referral";"(referral)";"0";"1"
"2024-09-24";"zadirweb.com / referral";"(referral)";"1";"1"
"2024-09-24";"ig / paid";"campaign_12";"1";"1"
"2024-09-24";"hirlevel_s3";"hirlevel_c2";"1";"1"
"2024-09-24";"hirlevel_s1";"hirlevel_c1";"1";"1"
"2024-09-24";"loyalty / email";"loyalty-email";"1";"1"
"2024-09-24";"ajanlat / offline";"campaign_10";"1";"1"
"2024-09-25";"(not set)";"(not set)";"791";"1"
"2024-09-25";"google / cpc";"(organic)";"255";"288"
"2024-09-25";"(direct) / (none)";"(direct)";"211";"237"
"2024-09-25";"google / organic";"(organic)";"147";"171"
"2024-09-25";"google / cpc";"HU | GSN | PERF I Brand";"142";"160"
"2024-09-25";"google / cpc";"(not set)";"136";"151"
"2024-09-25";"facebook / cpc";"campaign_21";"142";"147"
"2024-09-25";"google / cpc";"HU | pMAX | PERF I Brand";"121";"127"
"2024-09-25";"facebook / cpc";"campaign_19";"58";"58"
"2024-09-25";"bing / cpc";"campaign_2";"26";"31"
"2024-09-25";"l.facebook.com / referral";"(referral)";"30";"30"
"2024-09-25";"google / cpc";"campaign_22";"16";"27"
"2024-09-25";"google / cpc";"campaign_24";"25";"25"
"2024-09-25";"google / cpc";"DE | pMAX | PERF I Brand";"17";"19"
"2024-09-25";"facebook / cpc";"campaign_20";"8";"16"
"2024-09-25";"bing / organic";"(organic)";"7";"15"
"2024-09-25";"m.facebook.com / referral";"(referral)";"14";"14"
"2024-09-25";"google / cpc";"campaign_27";"9";"13"
"2024-09-25";"instagram.com / referral";"(referral)";"7";"12"
"2024-09-25";"google / cpc";"campaign_23";"7";"10"
"2024-09-25";"redir.d-edgeconnect.media / referral";"(referral)";"1";"9"
"2024-09-25";"facebook / cpc";"campaign_1";"2";"9"
"2024-09-25";"ajanlat / offline";"campaign_10";"7";"9"
"2024-09-25";"google / cpc";"campaign_25";"6";"8"
"2024-09-25";"l.instagram.com / referral";"(referral)";"4";"6"
"2024-09-25";"lm.facebook.com / referral";"(referral)";"3";"6"
"2024-09-25";"hotelcms.hu / referral";"(referral)";"1";"5"
"2024-09-25";"mail.google.com / referral";"(referral)";"2";"5"
"2024-09-25";"source_17";"(referral)";"1";"5"
"2024-09-25";"bing / cpc";"campaign_14";"4";"5"
"2024-09-25";"google / organic";"(not set)";"2";"4"
"2024-09-25";"google / cpc";"HU | GDN | ENGM I Programok '24";"4";"4"
"2024-09-25";"(direct) / (none)";"(not set)";"2";"3"
"2024-09-25";"bing / cpc";"campaign_5";"0";"3"
"2024-09-25";"bing / cpc";"HU | PERF | Lokáció - All";"3";"3"
"2024-09-25";"click.pstmrk.it / referral";"(referral)";"1";"2"
"2024-09-25";"google / cpc";"campaign_26";"2";"2"
"2024-09-25";"google / cpc";"campaign_33";"0";"2"
"2024-09-25";"google / cpc";"campaign_29";"0";"2"
"2024-09-25";"google / cpc";"campaign_32";"0";"2"
"2024-09-25";"google / cpc";"campaign_28";"2";"2"
"2024-09-25";"www.qwant.com / referral";"(not set)";"1";"1"
"2024-09-25";"qwant.com / organic";"(organic)";"1";"1"
"2024-09-25";"app.zoomsphere.com / referral";"(referral)";"1";"1"
"2024-09-25";"dailybusiness.ro / referral";"(referral)";"0";"1"
"2024-09-25";"google / cpc";"(referral)";"1";"1"
"2024-09-25";"source_11";"(referral)";"0";"1"
"2024-09-25";"otpbankdirekt.hu / referral";"(referral)";"1";"1"
"2024-09-25";"wellcard.at / referral";"(referral)";"1";"1"
"2024-09-25";"ig / paid";"campaign_12";"0";"1"
"2024-09-25";"fb / paid";"campaign_7";"0";"1"
"2024-09-25";"bing / cpc";"AT | PERF | Brand";"1";"1"
"2024-09-25";"bing / cpc";"HU | PERF | Brand";"1";"1"
"2024-09-25";"hirlevel_s1";"hirlevel_c1";"1";"1"
"2024-09-25";"loyalty / email";"loyalty-email";"0";"1"
"2024-09-25";"ajanlat / offline";"proposal-by-phone";"1";"1"
"2024-09-25";"phone / offline";"proposal-by-phone";"1";"1"
"2024-09-26";"(not set)";"(not set)";"575";"744"
"2024-09-26";"google / cpc";"(organic)";"284";"316"
"2024-09-26";"google / organic";"(organic)";"181";"225"
"2024-09-26";"google / cpc";"HU | pMAX | PERF I Brand";"208";"211"
"2024-09-26";"(direct) / (none)";"(direct)";"197";"210"
"2024-09-26";"facebook / cpc";"campaign_21";"193";"204"
"2024-09-26";"google / cpc";"(not set)";"183";"194"
"2024-09-26";"google / cpc";"HU | GSN | PERF I Brand";"118";"145"
"2024-09-26";"facebook / cpc";"campaign_19";"72";"73"
"2024-09-26";"bing / cpc";"campaign_2";"61";"69"
"2024-09-26";"google / cpc";"campaign_24";"62";"63"
"2024-09-26";"l.facebook.com / referral";"(referral)";"48";"49"
"2024-09-26";"m.facebook.com / referral";"(referral)";"33";"36"
"2024-09-26";"google / cpc";"campaign_22";"29";"35"
"2024-09-26";"google / cpc";"DE | pMAX | PERF I Brand";"31";"33"
"2024-09-26";"google / cpc";"campaign_23";"22";"22"
"2024-09-26";"bing / organic";"(organic)";"15";"19"
"2024-09-26";"google / cpc";"campaign_27";"6";"15"
"2024-09-26";"facebook / cpc";"campaign_20";"6";"14"
"2024-09-26";"ajanlat / offline";"campaign_10";"8";"13"
"2024-09-26";"google / cpc";"HU | GDN | ENGM I Programok '24";"10";"11"
"2024-09-26";"instagram.com / referral";"(referral)";"8";"8"
"2024-09-26";"l.instagram.com / referral";"(referral)";"2";"8"
"2024-09-26";"bing / cpc";"campaign_14";"4";"8"
"2024-09-26";"ajanlat / email";"campaign_15";"4";"8"
"2024-09-26";"redir.d-edgeconnect.media / referral";"(referral)";"6";"7"
"2024-09-26";"google / cpc";"(referral)";"6";"6"
"2024-09-26";"google / cpc";"campaign_25";"4";"6"
"2024-09-26";"lm.facebook.com / referral";"(referral)";"5";"5"
"2024-09-26";"google / cpc";"campaign_28";"4";"5"
"2024-09-26";"thermengutscheine.at / referral";"(referral)";"0";"4"
"2024-09-26";"economica.net / referral";"(referral)";"3";"3"
"2024-09-26";"mail.google.com / referral";"(referral)";"1";"3"
"2024-09-26";"google / cpc";"campaign_26";"3";"3"
"2024-09-26";"facebook / cpc";"campaign_1";"1";"3"
"2024-09-26";"(direct) / (none)";"(not set)";"0";"2"
"2024-09-26";"app.zoomsphere.com / referral";"(referral)";"1";"2"
"2024-09-26";"hotelcms.hu / referral";"(referral)";"1";"2"
"2024-09-26";"romaniatv.net / referral";"(referral)";"1";"2"
"2024-09-26";"youtube.com / referral";"(referral)";"0";"2"
"2024-09-26";"google / cpc";"campaign_33";"1";"2"
"2024-09-26";"bing / cpc";"HU | PERF | Brand";"0";"2"
"2024-09-26";"hirlevel_s3";"hirlevel_c2";"1";"2"
"2024-09-26";"ajanlat / offline";"proposal-by-phone";"2";"2"
"2024-09-26";"google / organic";"(not set)";"0";"1"
"2024-09-26";"qwant.com / organic";"(organic)";"0";"1"
"2024-09-26";"click.pstmrk.it / referral";"(referral)";"0";"1"
"2024-09-26";"kapu.hu / referral";"(referral)";"1";"1"
"2024-09-26";"kereso.startlap.hu / referral";"(referral)";"1";"1"
"2024-09-26";"source_11";"(referral)";"0";"1"
"2024-09-26";"lightmailer-bs.gmx.net / referral";"(referral)";"1";"1"
"2024-09-26";"privacywall.org / referral";"(referral)";"1";"1"
"2024-09-26";"source_9";"(referral)";"0";"1"
"2024-09-26";"webmail.telekom.hu / referral";"(referral)";"1";"1"
"2024-09-26";"wellcard.at / referral";"(referral)";"0";"1"
"2024-09-26";"zadir.hu / referral";"(referral)";"1";"1"
"2024-09-26";"bing / cpc";"AT | PERF | Brand";"1";"1"
"2024-09-26";"bing / cpc";"DE | PERF | Brand";"1";"1"
"2024-09-26";"hirlevel_s1";"hirlevel_c1";"1";"1"
"2024-09-26";"phone / offline";"proposal-by-phone";"1";"1"
"2024-09-27";"(not set)";"(not set)";"554";"689"
"2024-09-27";"google / cpc";"(organic)";"238";"272"
"2024-09-27";"(direct) / (none)";"(direct)";"231";"262"
"2024-09-27";"google / cpc";"(not set)";"164";"170"
"2024-09-27";"google / organic";"(organic)";"148";"166"
"2024-09-27";"google / cpc";"HU | GSN | PERF I Brand";"135";"160"
"2024-09-27";"google / cpc";"HU | pMAX | PERF I Brand";"151";"153"
"2024-09-27";"facebook / cpc";"campaign_21";"137";"143"
"2024-09-27";"facebook / cpc";"campaign_19";"86";"86"
"2024-09-27";"google / cpc";"campaign_24";"76";"79"
"2024-09-27";"google / cpc";"DE | pMAX | PERF I Brand";"31";"34"
"2024-09-27";"google / cpc";"campaign_22";"28";"32"
"2024-09-27";"bing / cpc";"campaign_2";"21";"23"
"2024-09-27";"google / cpc";"campaign_23";"18";"21"
"2024-09-27";"l.facebook.com / referral";"(referral)";"18";"20"
"2024-09-27";"m.facebook.com / referral";"(referral)";"15";"19"
"2024-09-27";"facebook / cpc";"campaign_20";"12";"13"
"2024-09-27";"ajanlat / offline";"campaign_10";"7";"12"
"2024-09-27";"google / cpc";"campaign_25";"7";"11"
"2024-09-27";"google / cpc";"campaign_27";"5";"10"
"2024-09-27";"bing / cpc";"campaign_14";"8";"8"
"2024-09-27";"bing / organic";"(organic)";"2";"7"
"2024-09-27";"instagram.com / referral";"(referral)";"7";"7"
"2024-09-27";"l.instagram.com / referral";"(referral)";"6";"6"
"2024-09-27";"redir.d-edgeconnect.media / referral";"(referral)";"6";"6"
"2024-09-27";"google / cpc";"HU | GDN | ENGM I Programok '24";"6";"6"
"2024-09-27";"google / cpc";"campaign_28";"3";"5"
"2024-09-27";"lm.facebook.com / referral";"(referral)";"3";"3"
"2024-09-27";"bing / cpc";"HU | PERF | Lokáció - All";"3";"3"
"2024-09-27";"source_19";"(referral)";"2";"2"
"2024-09-27";"app.zoomsphere.com / referral";"(referral)";"1";"2"
"2024-09-27";"google / cpc";"(referral)";"2";"2"
"2024-09-27";"otpbankdirekt.hu / referral";"(referral)";"1";"2"
"2024-09-27";"wellcard.at / referral";"(referral)";"1";"2"
"2024-09-27";"google / cpc";"campaign_26";"2";"2"
"2024-09-27";"google / cpc";"campaign_30";"2";"2"
"2024-09-27";"phone / offline";"proposal-by-phone";"0";"2"
"2024-09-27";"(direct) / (none)";"(not set)";"0";"1"
"2024-09-27";"google / organic";"(not set)";"1";"1"
"2024-09-27";"qwant.com / organic";"(organic)";"0";"1"
"2024-09-27";"click.pstmrk.it / referral";"(referral)";"1";"1"
"2024-09-27";"economica.net / referral";"(referral)";"1";"1"
"2024-09-27";"glamour.hu / referral";"(referral)";"1";"1"
"2024-09-27";"source_11";"(referral)";"1";"1"
"2024-09-27";"mail.google.com / referral";"(referral)";"1";"1"
"2024-09-27";"bing / cpc";"AT | PERF | Brand";"0";"1"
"2024-09-27";"google / cpc";"campaign_29";"1";"1"
"2024-09-27";"bing / cpc";"HU | GSN | Lokáció - All";"1";"1"
"2024-09-27";"bing / cpc";"HU | PERF | Brand";"1";"1"
"2024-09-27";"loyalty / email";"loyalty-email";"1";"1"
"2024-09-27";"ajanlat / email";"campaign_15";"1";"1"
"2024-09-27";"ajanlat / offline";"proposal-by-phone";"1";"1"
"2024-09-27";"email / offline";"proposal-by-phone";"1";"1"
"2024-09-28";"(not set)";"(not set)";"487";"653"
"2024-09-28";"google / cpc";"(organic)";"243";"280"
"2024-09-28";"(direct) / (none)";"(direct)";"209";"240"
"2024-09-28";"google / cpc";"HU | pMAX | PERF I Brand";"203";"221"
"2024-09-28";"google / cpc";"(not set)";"188";"198"
"2024-09-28";"google / organic";"(organic)";"148";"174"
"2024-09-28";"google / cpc";"HU | GSN | PERF I Brand";"125";"146"
"2024-09-28";"facebook / cpc";"campaign_21";"107";"116"
"2024-09-28";"facebook / cpc";"campaign_19";"84";"86"
"2024-09-28";"google / cpc";"campaign_24";"81";"83"
"2024-09-28";"google / cpc";"DE | pMAX | PERF I Brand";"33";"34"
"2024-09-28";"bing / cpc";"campaign_2";"31";"34"
"2024-09-28";"l.facebook.com / referral";"(referral)";"30";"32"
"2024-09-28";"google / cpc";"campaign_22";"29";"32"
"2024-09-28";"google / cpc";"campaign_23";"23";"30"
"2024-09-28";"m.facebook.com / referral";"(referral)";"21";"22"
"2024-09-28";"google / cpc";"HU | GDN | ENGM I Programok '24";"8";"12"
"2024-09-28";"google / cpc";"campaign_25";"12";"12"
"2024-09-28";"facebook / cpc";"campaign_20";"10";"12"
"2024-09-28";"google / cpc";"campaign_27";"6";"10"
"2024-09-28";"bing / organic";"(organic)";"5";"9"
"2024-09-28";"ajanlat / offline";"campaign_10";"9";"9"
"2024-09-28";"instagram.com / referral";"(referral)";"7";"8"
"2024-09-28";"ajanlat / offline";"proposal-by-phone";"5";"8"
"2024-09-28";"l.instagram.com / referral";"(referral)";"6";"7"
"2024-09-28";"google / cpc";"(referral)";"6";"6"
"2024-09-28";"lm.facebook.com / referral";"(referral)";"6";"6"
"2024-09-28";"redir.d-edgeconnect.media / referral";"(referral)";"4";"6"
"2024-09-28";"ajanlat / email";"campaign_15";"4";"6"
"2024-09-28";"otpbankdirekt.hu / referral";"(referral)";"4";"4"
"2024-09-28";"bing / cpc";"campaign_14";"2";"4"
"2024-09-28";"(direct) / (none)";"(not+set)";"1";"3"
"2024-09-28";"ecosia.org / organic";"(organic)";"2";"3"
"2024-09-28";"google / cpc";"campaign_33";"3";"3"
"2024-09-28";"bing / cpc";"HU | PERF | Lokáció - All";"3";"3"
"2024-09-28";"google / cpc";"campaign_28";"3";"3"
"2024-09-28";"director-web.ro / referral";"(referral)";"2";"2"
"2024-09-28";"source_16";"(referral)";"1";"2"
"2024-09-28";"bing / cpc";"DE | PERF | Brand";"1";"2"
"2024-09-28";"bing / cpc";"HU | PERF | Desztináció";"2";"2"
"2024-09-28";"(direct) / (none)";"(not set)";"1";"1"
"2024-09-28";"gmail.hu / referral";"(referral)";"1";"1"
"2024-09-28";"kapu.hu / referral";"(referral)";"1";"1"
"2024-09-28";"kereso.startlap.hu / referral";"(referral)";"1";"1"
"2024-09-28";"source_11";"(referral)";"1";"1"
"2024-09-28";"mail.google.com / referral";"(referral)";"1";"1"
"2024-09-28";"google / cpc";"campaign_26";"0";"1"
"2024-09-28";"google / cpc";"campaign_30";"1";"1"
"2024-09-28";"bing / cpc";"campaign_5";"1";"1"
"2024-09-28";"google / cpc";"campaign_32";"1";"1"
"2024-09-28";"facebook / cpc";"campaign_1";"0";"1"
"2024-09-29";"(not set)";"(not set)";"519";"705"
"2024-09-29";"google / cpc";"(organic)";"288";"320"
"2024-09-29";"(direct) / (none)";"(direct)";"205";"226"
"2024-09-29";"google / cpc";"HU | pMAX | PERF I Brand";"194";"205"
"2024-09-29";"google / cpc";"(not set)";"179";"192"
"2024-09-29";"google / cpc";"HU | GSN | PERF I Brand";"163";"190"
"2024-09-29";"google / organic";"(organic)";"173";"189"
"2024-09-29";"facebook / cpc";"campaign_21";"126";"131"
"2024-09-29";"facebook / cpc";"campaign_19";"93";"96"
"2024-09-29";"google / cpc";"campaign_24";"87";"91"
"2024-09-29";"google / cpc";"campaign_22";"39";"45"
"2024-09-29";"google / cpc";"DE | pMAX | PERF I Brand";"36";"41"
"2024-09-29";"l.facebook.com / referral";"(referral)";"34";"34"
"2024-09-29";"google / cpc";"campaign_23";"28";"33"
"2024-09-29";"m.facebook.com / referral";"(referral)";"30";"30"
"2024-09-29";"bing / cpc";"campaign_2";"22";"23"
"2024-09-29";"google / cpc";"campaign_25";"17";"17"
"2024-09-29";"facebook / cpc";"campaign_20";"9";"14"
"2024-09-29";"google / cpc";"campaign_27";"7";"12"
"2024-09-29";"bing / organic";"(organic)";"6";"9"
"2024-09-29";"google / cpc";"HU | GDN | ENGM I Programok '24";"9";"9"
"2024-09-29";"lm.facebook.com / referral";"(referral)";"6";"7"
"2024-09-29";"instagram.com / referral";"(referral)";"4";"6"
"2024-09-29";"ajanlat / offline";"campaign_10";"5";"6"
"2024-09-29";"redir.d-edgeconnect.media / referral";"(referral)";"2";"5"
"2024-09-29";"bing / cpc";"HU | PERF | Lokáció - All";"3";"5"
"2024-09-29";"google / cpc";"(referral)";"2";"4"
"2024-09-29";"wellcard.at / referral";"(referral)";"2";"4"
"2024-09-29";"bing / cpc";"campaign_14";"2";"4"
"2024-09-29";"ecosia.org / organic";"(organic)";"2";"3"
"2024-09-29";"l.instagram.com / referral";"(referral)";"2";"3"
"2024-09-29";"google / cpc";"campaign_28";"3";"3"
"2024-09-29";"(direct) / (none)";"(not set)";"2";"2"
"2024-09-29";"mail.google.com / referral";"(referral)";"1";"2"
"2024-09-29";"google / cpc";"campaign_30";"1";"2"
"2024-09-29";"bing / cpc";"HU | PERF | Brand";"1";"2"
"2024-09-29";"phone / offline";"proposal-by-phone";"1";"2"
"2024-09-29";"source_19";"(referral)";"0";"1"
"2024-09-29";"dailybusiness.ro / referral";"(referral)";"0";"1"
"2024-09-29";"kereso.startlap.hu / referral";"(referral)";"1";"1"
"2024-09-29";"otpbankdirekt.hu / referral";"(referral)";"1";"1"
"2024-09-29";"webmail.telekom.hu / referral";"(referral)";"1";"1"
"2024-09-29";"google / cpc";"campaign_26";"0";"1"
"2024-09-29";"google / cpc";"campaign_33";"1";"1"
"2024-09-29";"google / cpc";"campaign_32";"1";"1"
"2024-09-29";"facebook / cpc";"campaign_1";"1";"1"
"2024-09-29";"other / offline";"proposal-by-phone";"1";"1"
"2024-09-30";"(not set)";"(not set)";"518";"664"
"2024-09-30";"google / cpc";"(organic)";"274";"306"
"2024-09-30";"(direct) / (none)";"(direct)";"188";"214"
"2024-09-30";"google / organic";"(organic)";"184";"207"
"2024-09-30";"google / cpc";"HU | pMAX | PERF I Brand";"183";"200"
"2024-09-30";"google / cpc";"(not set)";"177";"196"
"2024-09-30";"google / cpc";"HU | GSN | PERF I Brand";"153";"184"
"2024-09-30";"facebook / cpc";"campaign_21";"100";"113"
"2024-09-30";"facebook / cpc";"campaign_19";"86";"89"
"2024-09-30";"google / cpc";"campaign_24";"74";"79"
"2024-09-30";"bing / cpc";"campaign_2";"39";"40"
"2024-09-30";"l.facebook.com / referral";"(referral)";"37";"38"
"2024-09-30";"google / cpc";"campaign_22";"20";"37"
"2024-09-30";"google / cpc";"DE | pMAX | PERF I Brand";"36";"36"
"2024-09-30";"bing / organic";"(organic)";"16";"24"
"2024-09-30";"google / cpc";"campaign_23";"14";"21"
"2024-09-30";"ajanlat / offline";"campaign_10";"11";"19"
"2024-09-30";"m.facebook.com / referral";"(referral)";"12";"17"
"2024-09-30";"google / cpc";"campaign_27";"6";"12"
"2024-09-30";"facebook / cpc";"campaign_20";"6";"10"
"2024-09-30";"google / cpc";"(referral)";"9";"9"
"2024-09-30";"google / cpc";"HU | GDN | ENGM I Programok '24";"4";"9"
"2024-09-30";"bing / cpc";"HU | PERF | Lokáció - All";"3";"9"
"2024-09-30";"google / cpc";"campaign_25";"2";"8"
"2024-09-30";"otpbankdirekt.hu / referral";"(referral)";"0";"7"
"2024-09-30";"google / organic";"(not set)";"6";"6"
"2024-09-30";"redir.d-edgeconnect.media / referral";"(referral)";"4";"6"
"2024-09-30";"facebook / cpc";"campaign_1";"6";"6"
"2024-09-30";"(direct) / (none)";"(not set)";"3";"4"
"2024-09-30";"lm.facebook.com / referral";"(referral)";"4";"4"
"2024-09-30";"click.pstmrk.it / referral";"(referral)";"2";"3"
"2024-09-30";"mail.google.com / referral";"(referral)";"1";"3"
"2024-09-30";"thermengutscheine.at / referral";"(referral)";"1";"3"
"2024-09-30";"google / cpc";"campaign_28";"2";"3"
"2024-09-30";"ajanlat / offline";"proposal-by-phone";"3";"3"
"2024-09-30";"phone / offline";"proposal-by-phone";"3";"3"
"2024-09-30";"director-web.ro / referral";"(referral)";"0";"2"
"2024-09-30";"kereso.startlap.hu / referral";"(referral)";"0";"2"
"2024-09-30";"l.instagram.com / referral";"(referral)";"2";"2"
"2024-09-30";"bing / cpc";"campaign_14";"2";"2"
"2024-09-30";"google / cpc";"campaign_32";"2";"2"
"2024-09-30";"hirlevel_s5";"hirlevel_c4";"2";"2"
"2024-09-30";"ajanlat / email";"campaign_15";"0";"2"
"2024-09-30";"email / offline";"proposal-by-phone";"1";"2"
"2024-09-30";"ecosia.org / organic";"(organic)";"1";"1"
"2024-09-30";"email.seznam.cz / referral";"(referral)";"1";"1"
"2024-09-30";"source_20";"(referral)";"1";"1"
"2024-09-30";"instagram.com / referral";"(referral)";"1";"1"
"2024-09-30";"kapu.hu / referral";"(referral)";"1";"1"
"2024-09-30";"source_21";"(referral)";"1";"1"
"2024-09-30";"source_21";"(referral)";"1";"1"
"2024-09-30";"google / cpc";"campaign_33";"0";"1"
"2024-09-30";"bing / cpc";"DE | PERF | Brand";"1";"1"
"2024-09-30";"bing / cpc";"campaign_5";"0";"1"
"2024-09-30";"bing / cpc";"HU | PERF | Desztináció";"0";"1"
"2024-09-30";"bing / cpc";"campaign_39";"1";"1"
"2024-09-30";"other / offline";"proposal-by-phone";"1";"1"
"2024-09-30";"teszt / teszt";"teszt";"1";"1"
"2024-09-30";"teszt22 / teszt";"teszt";"1";"1"
"2024-10-01";"(not set)";"(not set)";"352";"402"
"2024-10-01";"google / cpc";"(organic)";"226";"266"
"2024-10-01";"(direct) / (none)";"(direct)";"157";"187"
"2024-10-01";"google / organic";"(organic)";"137";"164"
"2024-10-01";"google / cpc";"HU | GSN | PERF I Brand";"125";"159"
"2024-10-01";"google / cpc";"(not set)";"118";"128"
"2024-10-01";"google / cpc";"HU | pMAX | PERF I Brand";"127";"128"
"2024-10-01";"facebook / cpc";"campaign_19";"67";"70"
"2024-10-01";"google / cpc";"campaign_24";"47";"52"
"2024-10-01";"google / cpc";"DE | pMAX | PERF I Brand";"28";"30"
"2024-10-01";"bing / cpc";"campaign_2";"28";"29"
"2024-10-01";"google / cpc";"campaign_22";"19";"25"
"2024-10-01";"l.facebook.com / referral";"(referral)";"19";"20"
"2024-10-01";"bing / organic";"(organic)";"16";"19"
"2024-10-01";"facebook / cpc";"campaign_20";"15";"15"
"2024-10-01";"m.facebook.com / referral";"(referral)";"12";"13"
"2024-10-01";"google / cpc";"campaign_23";"9";"12"
"2024-10-01";"ajanlat / offline";"campaign_10";"9";"11"
"2024-10-01";"redir.d-edgeconnect.media / referral";"(referral)";"10";"10"
"2024-10-01";"google / organic";"(not set)";"6";"7"
"2024-10-01";"bing / cpc";"campaign_14";"7";"7"
"2024-10-01";"google / cpc";"(referral)";"5";"6"
"2024-10-01";"google / cpc";"campaign_27";"6";"6"
"2024-10-01";"google / cpc";"campaign_25";"3";"5"
"2024-10-01";"l.instagram.com / referral";"(referral)";"4";"4"
"2024-10-01";"source_17";"(referral)";"2";"4"
"2024-10-01";"facebook / cpc";"campaign_21";"3";"3"
"2024-10-01";"google / cpc";"campaign_28";"3";"3"
"2024-10-01";"ajanlat / email";"campaign_15";"3";"3"
"2024-10-01";"lm.facebook.com / referral";"(referral)";"2";"2"
"2024-10-01";"mail.google.com / referral";"(referral)";"1";"2"
"2024-10-01";"otpbankdirekt.hu / referral";"(referral)";"2";"2"
"2024-10-01";"bing / cpc";"AT | PERF | Brand";"1";"2"
"2024-10-01";"bing / cpc";"HU | PERF | Lokáció - All";"2";"2"
"2024-10-01";"facebook / cpc";"campaign_1";"2";"2"
"2024-10-01";"email / offline";"proposal-by-phone";"1";"2"
"2024-10-01";"(direct) / (none)";"(not set)";"1";"1"
"2024-10-01";"app.asana.com / referral";"(referral)";"1";"1"
"2024-10-01";"source_14";"(referral)";"1";"1"
"2024-10-01";"click.pstmrk.it / referral";"(referral)";"1";"1"
"2024-10-01";"cn.bing.com / referral";"(referral)";"1";"1"
"2024-10-01";"femcafe.hu / referral";"(referral)";"1";"1"
"2024-10-01";"kereso.startlap.hu / referral";"(referral)";"0";"1"
"2024-10-01";"reiseziel-erde.de / referral";"(referral)";"1";"1"
"2024-10-01";"ui.ads.microsoft.com / referral";"(referral)";"1";"1"
"2024-10-01";"wellcard.at / referral";"(referral)";"1";"1"
"2024-10-01";"zadir.hu / referral";"(referral)";"1";"1"
"2024-10-01";"google / cpc";"campaign_26";"1";"1"
"2024-10-01";"google / cpc";"campaign_30";"1";"1"
"2024-10-01";"bing / cpc";"DE | PERF | Brand";"1";"1"
"2024-10-01";"google / cpc";"HU | GDN | ENGM I Programok '24";"1";"1"
"2024-10-01";"google / cpc";"HU | pMAX | Csomag '24";"1";"1"
"2024-10-01";"phone / offline";"proposal-by-phone";"1";"1"
"2024-10-02";"(not set)";"(not set)";"350";"370"
"2024-10-02";"google / cpc";"(organic)";"215";"244"
"2024-10-02";"google / organic";"(organic)";"139";"171"
"2024-10-02";"(direct) / (none)";"(direct)";"140";"162"
"2024-10-02";"google / cpc";"HU | GSN | PERF I Brand";"122";"143"
"2024-10-02";"google / cpc";"HU | pMAX | PERF I Brand";"124";"132"
"2024-10-02";"google / cpc";"(not set)";"105";"109"
"2024-10-02";"facebook / cpc";"campaign_19";"93";"96"
"2024-10-02";"google / cpc";"campaign_24";"46";"51"
"2024-10-02";"google / cpc";"campaign_22";"31";"40"
"2024-10-02";"bing / cpc";"campaign_2";"34";"34"
"2024-10-02";"facebook / cpc";"campaign_20";"27";"30"
"2024-10-02";"l.facebook.com / referral";"(referral)";"23";"27"
"2024-10-02";"bing / organic";"(organic)";"8";"11"
"2024-10-02";"google / cpc";"campaign_27";"10";"11"
"2024-10-02";"google / cpc";"DE | pMAX | PERF I Brand";"11";"11"
"2024-10-02";"ajanlat / offline";"campaign_10";"9";"11"
"2024-10-02";"m.facebook.com / referral";"(referral)";"9";"9"
"2024-10-02";"redir.d-edgeconnect.media / referral";"(referral)";"9";"9"
"2024-10-02";"google / cpc";"campaign_23";"7";"9"
"2024-10-02";"facebook / cpc";"campaign_1";"5";"7"
"2024-10-02";"google / cpc";"campaign_28";"4";"6"
"2024-10-02";"ajanlat / offline";"proposal-by-phone";"3";"6"
"2024-10-02";"bing / cpc";"campaign_14";"1";"5"
"2024-10-02";"l.instagram.com / referral";"(referral)";"3";"3"
"2024-10-02";"zadir.hu / referral";"(referral)";"1";"3"
"2024-10-02";"bing / cpc";"HU | PERF | Desztináció";"3";"3"
"2024-10-02";"bing / cpc";"HU | PERF | Lokáció - All";"3";"3"
"2024-10-02";"facebook / cpc";"campaign_21";"2";"3"
"2024-10-02";"google / cpc";"(referral)";"2";"2"
"2024-10-02";"lm.facebook.com / referral";"(referral)";"2";"2"
"2024-10-02";"bing / cpc";"campaign_40";"2";"2"
"2024-10-02";"hirlevel_s1";"hirlevel_c1";"2";"2"
"2024-10-02";"google / organic";"(not set)";"1";"1"
"2024-10-02";"google / cpc";"(not+set)";"1";"1"
"2024-10-02";"duckduckgo / organic";"(organic)";"1";"1"
"2024-10-02";"ecosia.org / organic";"(organic)";"1";"1"
"2024-10-02";"hotelcms.hu / referral";"(referral)";"1";"1"
"2024-10-02";"kereso.startlap.hu / referral";"(referral)";"1";"1"
"2024-10-02";"mail.google.com / referral";"(referral)";"1";"1"
"2024-10-02";"romaniatv.net / referral";"(referral)";"1";"1"
"2024-10-02";"source_16";"(referral)";"1";"1"
"2024-10-02";"thermengutscheine.at / referral";"(referral)";"1";"1"
"2024-10-02";"ui.ads.microsoft.com / referral";"(referral)";"1";"1"
"2024-10-02";"wellcard.at / referral";"(referral)";"1";"1"
"2024-10-02";"google / cpc";"campaign_26";"1";"1"
"2024-10-02";"google / cpc";"campaign_30";"1";"1"
"2024-10-02";"bing / cpc";"campaign_5";"1";"1"
"2024-10-02";"bing / cpc";"HU | PERF | Brand";"1";"1"
"2024-10-02";"ajanlat / email";"campaign_15";"1";"1"
"2024-10-02";"email / offline";"proposal-by-phone";"1";"1"
"2024-10-03";"(not set)";"(not set)";"359";"387"
"2024-10-03";"google / cpc";"(organic)";"220";"268"
"2024-10-03";"(direct) / (none)";"(direct)";"161";"183"
"2024-10-03";"google / organic";"(organic)";"142";"177"
"2024-10-03";"google / cpc";"HU | GSN | PERF I Brand";"148";"171"
"2024-10-03";"google / cpc";"(not set)";"119";"129"
"2024-10-03";"google / cpc";"HU | pMAX | PERF I Brand";"102";"110"
"2024-10-03";"facebook / cpc";"campaign_19";"72";"72"
"2024-10-03";"google / cpc";"campaign_24";"45";"48"
"2024-10-03";"bing / cpc";"campaign_2";"32";"35"
"2024-10-03";"google / cpc";"campaign_22";"24";"25"
"2024-10-03";"google / cpc";"DE | pMAX | PERF I Brand";"19";"21"
"2024-10-03";"facebook / cpc";"campaign_20";"19";"21"
"2024-10-03";"bing / organic";"(organic)";"15";"18"
"2024-10-03";"l.facebook.com / referral";"(referral)";"13";"14"
"2024-10-03";"ajanlat / offline";"campaign_10";"8";"14"
"2024-10-03";"redir.d-edgeconnect.media / referral";"(referral)";"11";"11"
"2024-10-03";"google / cpc";"campaign_23";"8";"11"
"2024-10-03";"m.facebook.com / referral";"(referral)";"10";"10"
"2024-10-03";"ajanlat / offline";"proposal-by-phone";"3";"8"
"2024-10-03";"bing / cpc";"campaign_40";"7";"7"
"2024-10-03";"facebook / cpc";"campaign_1";"6";"7"
"2024-10-03";"ajanlat / email";"campaign_15";"6";"7"
"2024-10-03";"google / cpc";"campaign_28";"5";"6"
"2024-10-03";"google / cpc";"campaign_27";"5";"5"
"2024-10-03";"google / cpc";"campaign_30";"5";"5"
"2024-10-03";"source_16";"(referral)";"3";"4"
"2024-10-03";"other / offline";"proposal-by-phone";"3";"4"
"2024-10-03";"(direct) / (none)";"(not set)";"2";"2"
"2024-10-03";"google / cpc";"(referral)";"2";"2"
"2024-10-03";"hotelcms.hu / referral";"(referral)";"1";"2"
"2024-10-03";"kereso.startlap.hu / referral";"(referral)";"2";"2"
"2024-10-03";"lm.facebook.com / referral";"(referral)";"2";"2"
"2024-10-03";"mail.google.com / referral";"(referral)";"2";"2"
"2024-10-03";"otpbankdirekt.hu / referral";"(referral)";"2";"2"
"2024-10-03";"bing / cpc";"campaign_14";"1";"2"
"2024-10-03";"bing / cpc";"campaign_5";"2";"2"
"2024-10-03";"google / cpc";"campaign_25";"1";"2"
"2024-10-03";"bing / cpc";"HU | PERF | Lokáció - All";"2";"2"
"2024-10-03";"google / organic";"(not set)";"1";"1"
"2024-10-03";"amts.hu / referral";"(referral)";"1";"1"
"2024-10-03";"source_1";"(referral)";"1";"1"
"2024-10-03";"l.instagram.com / referral";"(referral)";"1";"1"
"2024-10-03";"source_21";"(referral)";"1";"1"
"2024-10-03";"thermengutscheine.at / referral";"(referral)";"1";"1"
"2024-10-03";"source_17";"(referral)";"0";"1"
"2024-10-03";"facebook / cpc";"campaign_21";"1";"1"
"2024-10-03";"hirlevel / ct";"feliratkozas_hu";"1";"1"
"2024-10-03";"hirlevel_s5";"hirlevel_c4";"1";"1"
"2024-10-04";"(not set)";"(not set)";"296";"311"
"2024-10-04";"google / cpc";"(organic)";"182";"214"
"2024-10-04";"(direct) / (none)";"(direct)";"142";"167"
"2024-10-04";"google / organic";"(organic)";"130";"151"
"2024-10-04";"google / cpc";"HU | GSN | PERF I Brand";"123";"142"
"2024-10-04";"google / cpc";"HU | pMAX | PERF I Brand";"132";"137"
"2024-10-04";"google / cpc";"(not set)";"117";"128"
"2024-10-04";"facebook / cpc";"campaign_19";"68";"71"
"2024-10-04";"google / cpc";"campaign_24";"43";"43"
"2024-10-04";"facebook / cpc";"campaign_20";"26";"26"
"2024-10-04";"bing / cpc";"campaign_2";"23";"23"
"2024-10-04";"google / cpc";"campaign_22";"16";"22"
"2024-10-04";"m.facebook.com / referral";"(referral)";"18";"20"
"2024-10-04";"google / cpc";"DE | pMAX | PERF I Brand";"17";"18"
"2024-10-04";"bing / organic";"(organic)";"16";"17"
"2024-10-04";"google / cpc";"campaign_23";"16";"17"
"2024-10-04";"l.facebook.com / referral";"(referral)";"16";"16"
"2024-10-04";"ajanlat / offline";"campaign_10";"7";"10"
"2024-10-04";"google / cpc";"campaign_27";"8";"8"
"2024-10-04";"redir.d-edgeconnect.media / referral";"(referral)";"6";"7"
"2024-10-04";"bing / cpc";"campaign_40";"6";"6"
"2024-10-04";"google / cpc";"campaign_28";"5";"5"
"2024-10-04";"(direct) / (none)";"(not set)";"2";"3"
"2024-10-04";"lm.facebook.com / referral";"(referral)";"3";"3"
"2024-10-04";"bing / cpc";"HU | PERF | Desztináció";"3";"3"
"2024-10-04";"google / cpc";"(referral)";"1";"2"
"2024-10-04";"google / cpc";"campaign_30";"2";"2"
"2024-10-04";"bing / cpc";"HU | PERF | Lokáció - All";"2";"2"
"2024-10-04";"ajanlat / email";"campaign_15";"2";"2"
"2024-10-04";"ajanlat / offline";"proposal-by-phone";"2";"2"
"2024-10-04";"director-web.ro / referral";"(referral)";"1";"1"
"2024-10-04";"glamour.hu / referral";"(referral)";"1";"1"
"2024-10-04";"l.instagram.com / referral";"(referral)";"1";"1"
"2024-10-04";"mail.google.com / referral";"(referral)";"1";"1"
"2024-10-04";"otpbankdirekt.hu / referral";"(referral)";"1";"1"
"2024-10-04";"romaniatv.net / referral";"(referral)";"1";"1"
"2024-10-04";"source_17";"(referral)";"1";"1"
"2024-10-04";"bing / cpc";"HU | PERF I Brand";"1";"1"
"2024-10-04";"loyalty / email";"loyalty-email";"1";"1"
"2024-10-05";"(not set)";"(not set)";"294";"309"
"2024-10-05";"google / cpc";"(organic)";"210";"242"
"2024-10-05";"(direct) / (none)";"(direct)";"150";"170"
"2024-10-05";"google / organic";"(organic)";"125";"148"
"2024-10-05";"google / cpc";"HU | GSN | PERF I Brand";"118";"139"
"2024-10-05";"google / cpc";"HU | pMAX | PERF I Brand";"132";"139"
"2024-10-05";"google / cpc";"(not set)";"98";"105"
"2024-10-05";"facebook / cpc";"campaign_19";"58";"58"
"2024-10-05";"google / cpc";"campaign_24";"54";"56"
"2024-10-05";"google / cpc";"DE | pMAX | PERF I Brand";"26";"27"
"2024-10-05";"facebook / cpc";"campaign_20";"26";"27"
"2024-10-05";"bing / cpc";"campaign_2";"17";"17"
"2024-10-05";"google / cpc";"campaign_23";"14";"14"
"2024-10-05";"google / cpc";"campaign_22";"13";"14"
"2024-10-05";"ajanlat / offline";"campaign_10";"7";"14"
"2024-10-05";"l.facebook.com / referral";"(referral)";"11";"13"
"2024-10-05";"m.facebook.com / referral";"(referral)";"11";"12"
"2024-10-05";"google / cpc";"campaign_27";"6";"10"
"2024-10-05";"bing / organic";"(organic)";"5";"7"
"2024-10-05";"bing / cpc";"HU | PERF | Desztináció";"4";"5"
"2024-10-05";"l.instagram.com / referral";"(referral)";"4";"4"
"2024-10-05";"redir.d-edgeconnect.media / referral";"(referral)";"3";"4"
"2024-10-05";"bing / cpc";"campaign_40";"3";"3"
"2024-10-05";"google / cpc";"campaign_26";"3";"3"
"2024-10-05";"google / cpc";"campaign_28";"2";"3"
"2024-10-05";"wellcard.at / referral";"(referral)";"1";"2"
"2024-10-05";"bing / cpc";"HU | PERF | Lokáció - All";"2";"2"
"2024-10-05";"google / cpc";"(direct)";"1";"1"
"2024-10-05";"(direct) / (none)";"(not set)";"1";"1"
"2024-10-05";"google / cpc";"(not+set)";"1";"1"
"2024-10-05";"duckduckgo / organic";"(organic)";"1";"1"
"2024-10-05";"google / cpc";"(referral)";"1";"1"
"2024-10-05";"kapu.hu / referral";"(referral)";"1";"1"
"2024-10-05";"lm.facebook.com / referral";"(referral)";"1";"1"
"2024-10-05";"mail.google.com / referral";"(referral)";"1";"1"
"2024-10-05";"source_21";"(referral)";"1";"1"
"2024-10-05";"google / cpc";"campaign_30";"1";"1"
"2024-10-05";"google / cpc";"campaign_25";"1";"1"
"2024-10-05";"loyalty / email";"loyalty-email";"1";"1"
"2024-10-05";"ajanlat / offline";"proposal-by-phone";"1";"1"
"2024-10-06";"(not set)";"(not set)";"431";"458"
"2024-10-06";"google / cpc";"(organic)";"271";"315"
"2024-10-06";"(direct) / (none)";"(direct)";"162";"195"
"2024-10-06";"google / organic";"(organic)";"149";"177"
"2024-10-06";"google / cpc";"HU | GSN | PERF I Brand";"147";"176"
"2024-10-06";"google / cpc";"HU | pMAX | PERF I Brand";"136";"142"
"2024-10-06";"google / cpc";"(not set)";"116";"131"
"2024-10-06";"facebook / cpc";"campaign_19";"49";"50"
"2024-10-06";"google / cpc";"campaign_24";"49";"49"
"2024-10-06";"bing / cpc";"campaign_2";"29";"32"
"2024-10-06";"facebook / cpc";"campaign_20";"28";"30"
"2024-10-06";"google / cpc";"campaign_22";"24";"25"
"2024-10-06";"l.facebook.com / referral";"(referral)";"20";"20"
"2024-10-06";"google / cpc";"campaign_27";"13";"17"
"2024-10-06";"google / cpc";"campaign_23";"15";"16"
"2024-10-06";"google / cpc";"(referral)";"11";"14"
"2024-10-06";"m.facebook.com / referral";"(referral)";"14";"14"
"2024-10-06";"google / cpc";"DE | pMAX | PERF I Brand";"12";"13"
"2024-10-06";"redir.d-edgeconnect.media / referral";"(referral)";"11";"11"
"2024-10-06";"l.instagram.com / referral";"(referral)";"6";"6"
"2024-10-06";"bing / cpc";"HU | PERF I Brand";"4";"5"
"2024-10-06";"bing / organic";"(organic)";"4";"4"
"2024-10-06";"youtube.com / referral";"(referral)";"4";"4"
"2024-10-06";"ajanlat / offline";"campaign_10";"4";"4"
"2024-10-06";"bing / cpc";"campaign_40";"3";"3"
"2024-10-06";"google / cpc";"campaign_30";"3";"3"
"2024-10-06";"bing / cpc";"HU | PERF | Lokáció - All";"3";"3"
"2024-10-06";"google / cpc";"campaign_28";"3";"3"
"2024-10-06";"hirlevel_s1";"hirlevel_c1";"2";"3"
"2024-10-06";"duckduckgo / organic";"(organic)";"1";"2"
"2024-10-06";"kereso.startlap.hu / referral";"(referral)";"2";"2"
"2024-10-06";"wellcard.at / referral";"(referral)";"2";"2"
"2024-10-06";"ajanlat / email";"campaign_15";"2";"2"
"2024-10-06";"ecosia.org / organic";"(organic)";"0";"1"
"2024-10-06";"dailybusiness.ro / referral";"(referral)";"1";"1"
"2024-10-06";"glamour.hu / referral";"(referral)";"1";"1"
"2024-10-06";"thermengutscheine.at / referral";"(referral)";"1";"1"
"2024-10-06";"bing / cpc";"campaign_5";"1";"1"
"2024-10-06";"bing / cpc";"HU | PERF | Desztináció";"1";"1"
"2024-10-06";"loyalty / email";"loyalty-email";"1";"1"
"2024-10-07";"(not set)";"(not set)";"443";"480"
"2024-10-07";"google / cpc";"(organic)";"263";"314"
"2024-10-07";"(direct) / (none)";"(direct)";"162";"183"
"2024-10-07";"google / organic";"(organic)";"150";"179"
"2024-10-07";"google / cpc";"HU | GSN | PERF I Brand";"147";"178"
"2024-10-07";"google / cpc";"HU | pMAX | PERF I Brand";"124";"131"
"2024-10-07";"google / cpc";"(not set)";"117";"130"
"2024-10-07";"google / cpc";"campaign_24";"50";"53"
"2024-10-07";"facebook / cpc";"campaign_19";"51";"52"
"2024-10-07";"bing / cpc";"campaign_2";"31";"34"
"2024-10-07";"google / cpc";"DE | pMAX | PERF I Brand";"24";"26"
"2024-10-07";"google / cpc";"campaign_23";"20";"22"
"2024-10-07";"google / cpc";"campaign_22";"17";"18"
"2024-10-07";"facebook / cpc";"campaign_20";"12";"16"
"2024-10-07";"l.instagram.com / referral";"(referral)";"14";"14"
"2024-10-07";"google / cpc";"campaign_27";"12";"14"
"2024-10-07";"bing / organic";"(organic)";"12";"13"
"2024-10-07";"m.facebook.com / referral";"(referral)";"10";"11"
"2024-10-07";"ajanlat / offline";"campaign_10";"7";"9"
"2024-10-07";"l.facebook.com / referral";"(referral)";"7";"7"
"2024-10-07";"bing / cpc";"HU | PERF I Brand";"7";"7"
"2024-10-07";"email / offline";"proposal-by-phone";"5";"7"
"2024-10-07";"redir.d-edgeconnect.media / referral";"(referral)";"5";"5"
"2024-10-07";"google / cpc";"(referral)";"4";"4"
"2024-10-07";"otpbankdirekt.hu / referral";"(referral)";"3";"4"
"2024-10-07";"zadir.hu / referral";"(referral)";"1";"4"
"2024-10-07";"duckduckgo / organic";"(organic)";"1";"3"
"2024-10-07";"mail.google.com / referral";"(referral)";"2";"3"
"2024-10-07";"bing / cpc";"campaign_40";"3";"3"
"2024-10-07";"google / cpc";"campaign_28";"3";"3"
"2024-10-07";"(direct) / (none)";"(not set)";"2";"2"
"2024-10-07";"lm.facebook.com / referral";"(referral)";"2";"2"
"2024-10-07";"privacywall.org / referral";"(referral)";"2";"2"
"2024-10-07";"youtube.com / referral";"(referral)";"2";"2"
"2024-10-07";"bing / cpc";"AT | PERF I Brand";"2";"2"
"2024-10-07";"google / cpc";"campaign_30";"2";"2"
"2024-10-07";"bing / cpc";"campaign_5";"2";"2"
"2024-10-07";"bing / cpc";"HU | PERF | Desztináció";"2";"2"
"2024-10-07";"bing / cpc";"HU | PERF | Lokáció - All";"2";"2"
"2024-10-07";"ajanlat / email";"campaign_15";"2";"2"
"2024-10-07";"thermengutscheine.at / referral";"(referral)";"1";"1"
"2024-10-07";"google / cpc";"campaign_25";"0";"1"
"2024-10-07";"facebook / cpc";"campaign_41";"1";"1"
"2024-10-07";"facebook / cpc";"campaign_21";"1";"1"
"2024-10-07";"hirlevel_s1";"hirlevel_c1";"1";"1"
"2024-10-07";"hirlevel_s5";"hirlevel_c4";"1";"1"
"2024-10-07";"phone / offline";"proposal-by-phone";"1";"1"
"2024-10-08";"(not set)";"(not set)";"452";"477"
"2024-10-08";"google / cpc";"(organic)";"298";"344"
"2024-10-08";"(direct) / (none)";"(direct)";"198";"215"
"2024-10-08";"google / cpc";"HU | GSN | PERF I Brand";"142";"172"
"2024-10-08";"google / organic";"(organic)";"148";"164"
"2024-10-08";"google / cpc";"HU | pMAX | PERF I Brand";"125";"132"
"2024-10-08";"google / cpc";"(not set)";"115";"126"
"2024-10-08";"facebook / cpc";"campaign_19";"74";"74"
"2024-10-08";"google / cpc";"campaign_24";"33";"37"
"2024-10-08";"bing / cpc";"campaign_2";"24";"27"
"2024-10-08";"facebook / cpc";"campaign_20";"22";"24"
"2024-10-08";"l.instagram.com / referral";"(referral)";"23";"23"
"2024-10-08";"google / cpc";"campaign_23";"22";"23"
"2024-10-08";"l.facebook.com / referral";"(referral)";"17";"19"
"2024-10-08";"google / cpc";"DE | pMAX | PERF I Brand";"16";"16"
"2024-10-08";"google / cpc";"campaign_22";"13";"15"
"2024-10-08";"bing / organic";"(organic)";"10";"13"
"2024-10-08";"ajanlat / offline";"campaign_10";"8";"9"
"2024-10-08";"google / cpc";"campaign_27";"7";"8"
"2024-10-08";"redir.d-edgeconnect.media / referral";"(referral)";"7";"7"
"2024-10-08";"bing / cpc";"HU | PERF I Brand";"4";"6"
"2024-10-08";"m.facebook.com / referral";"(referral)";"5";"5"
"2024-10-08";"google / cpc";"campaign_28";"5";"5"
"2024-10-08";"lm.facebook.com / referral";"(referral)";"4";"4"
"2024-10-08";"bing / cpc";"campaign_40";"4";"4"
"2024-10-08";"bing / cpc";"HU | PERF | Desztináció";"1";"4"
"2024-10-08";"app.zoomsphere.com / referral";"(referral)";"2";"3"
"2024-10-08";"facebook / cpc";"campaign_21";"3";"3"
"2024-10-08";"google / cpc";"(referral)";"1";"2"
"2024-10-08";"kapu.hu / referral";"(referral)";"1";"2"
"2024-10-08";"kereso.startlap.hu / referral";"(referral)";"0";"2"
"2024-10-08";"lightmailer-bap.gmx.net / referral";"(referral)";"1";"2"
"2024-10-08";"mail.google.com / referral";"(referral)";"1";"2"
"2024-10-08";"otpbankdirekt.hu / referral";"(referral)";"2";"2"
"2024-10-08";"youtube.com / referral";"(referral)";"1";"2"
"2024-10-08";"bing / cpc";"AT | PERF I Brand";"2";"2"
"2024-10-08";"google / cpc";"campaign_30";"1";"2"
"2024-10-08";"bing / cpc";"campaign_5";"2";"2"
"2024-10-08";"bing / cpc";"HU | PERF | Lokáció - All";"2";"2"
"2024-10-08";"facebook / cpc";"campaign_1";"2";"2"
"2024-10-08";"phone / offline";"proposal-by-phone";"1";"2"
"2024-10-08";"google / cpc";"(direct)";"1";"1"
"2024-10-08";"(direct) / (none)";"(not set)";"1";"1"
"2024-10-08";"google / organic";"(not set)";"1";"1"
"2024-10-08";"dailybusiness.ro / referral";"(referral)";"1";"1"
"2024-10-08";"dovolenanamiru.com / referral";"(referral)";"1";"1"
"2024-10-08";"glamour.hu / referral";"(referral)";"1";"1"
"2024-10-08";"instagram.com / referral";"(referral)";"1";"1"
"2024-10-08";"lightmailer-bs.gmx.net / referral";"(referral)";"1";"1"
"2024-10-08";"romaniatv.net / referral";"(referral)";"1";"1"
"2024-10-08";"thermenhotels.at / referral";"(referral)";"1";"1"
"2024-10-08";"source_17";"(referral)";"1";"1"
"2024-10-08";"email / offline";"proposal-by-phone";"1";"1"
"2024-10-09";"(not set)";"(not set)";"439";"473"
"2024-10-09";"google / cpc";"(organic)";"310";"367"
"2024-10-09";"(direct) / (none)";"(direct)";"194";"225"
"2024-10-09";"google / cpc";"HU | GSN | PERF I Brand";"153";"182"
"2024-10-09";"google / organic";"(organic)";"125";"155"
"2024-10-09";"google / cpc";"HU | pMAX | PERF I Brand";"136";"142"
"2024-10-09";"google / cpc";"(not set)";"102";"113"
"2024-10-09";"facebook / cpc";"campaign_19";"79";"80"
"2024-10-09";"bing / cpc";"campaign_2";"28";"32"
"2024-10-09";"google / cpc";"campaign_24";"28";"30"
"2024-10-09";"facebook / cpc";"campaign_20";"27";"27"
"2024-10-09";"google / cpc";"campaign_22";"23";"25"
"2024-10-09";"l.facebook.com / referral";"(referral)";"21";"21"
"2024-10-09";"bing / organic";"(organic)";"7";"14"
"2024-10-09";"google / cpc";"campaign_23";"13";"14"
"2024-10-09";"bing / cpc";"HU | PERF I Brand";"12";"13"
"2024-10-09";"google / cpc";"campaign_27";"11";"12"
"2024-10-09";"google / cpc";"DE | pMAX | PERF I Brand";"12";"12"
"2024-10-09";"ajanlat / offline";"campaign_10";"8";"12"
"2024-10-09";"redir.d-edgeconnect.media / referral";"(referral)";"6";"10"
"2024-10-09";"facebook / cpc";"campaign_21";"10";"10"
"2024-10-09";"hirlevel / ct";"hirlevel_c5";"9";"9"
"2024-10-09";"l.instagram.com / referral";"(referral)";"8";"8"
"2024-10-09";"kapu.hu / referral";"(referral)";"3";"7"
"2024-10-09";"m.facebook.com / referral";"(referral)";"6";"7"
"2024-10-09";"glamour.hu / referral";"(referral)";"2";"3"
"2024-10-09";"google / cpc";"(referral)";"3";"3"
"2024-10-09";"lightmailer-bap.gmx.net / referral";"(referral)";"1";"3"
"2024-10-09";"zadir.hu / referral";"(referral)";"1";"3"
"2024-10-09";"ajanlat / email";"campaign_15";"3";"3"
"2024-10-09";"app.zoomsphere.com / referral";"(referral)";"1";"2"
"2024-10-09";"google / cpc";"campaign_33";"2";"2"
"2024-10-09";"bing / cpc";"HU | PERF | Lokáció - All";"2";"2"
"2024-10-09";"facebook / cpc";"campaign_1";"2";"2"
"2024-10-09";"google / cpc";"campaign_28";"2";"2"
"2024-10-09";"loyalty / email";"loyalty-email";"2";"2"
"2024-10-09";"email / offline";"proposal-by-phone";"2";"2"
"2024-10-09";"phone / offline";"proposal-by-phone";"1";"2"
"2024-10-09";"duckduckgo / organic";"(organic)";"1";"1"
"2024-10-09";"amts.hu / referral";"(referral)";"1";"1"
"2024-10-09";"cdn.respond.io / referral";"(referral)";"1";"1"
"2024-10-09";"director-web.ro / referral";"(referral)";"1";"1"
"2024-10-09";"dovolenanamiru.com / referral";"(referral)";"1";"1"
"2024-10-09";"emea.search.yahoo.com / referral";"(referral)";"1";"1"
"2024-10-09";"instagram.com / referral";"(referral)";"1";"1"
"2024-10-09";"source_17";"(referral)";"1";"1"
"2024-10-09";"bing / cpc";"campaign_40";"1";"1"
"2024-10-09";"google / cpc";"campaign_26";"1";"1"
"2024-10-09";"bing / cpc";"AT | PERF I Brand";"1";"1"
"2024-10-09";"bing / cpc";"HU";"1";"1"
"2024-10-09";"bing / cpc";"HU | PERF | Desztináció";"1";"1"
"2024-10-09";"hirlevel_s5";"hirlevel_c4";"1";"1"
"2024-10-10";"(not set)";"(not set)";"695";"785"
"2024-10-10";"google / cpc";"(organic)";"364";"456"
"2024-10-10";"(direct) / (none)";"(direct)";"295";"352"
"2024-10-10";"google / cpc";"HU | GSN | PERF I Brand";"212";"280"
"2024-10-10";"google / organic";"(organic)";"168";"216"
"2024-10-10";"google / cpc";"HU | pMAX | PERF I Brand";"120";"126"
"2024-10-10";"google / cpc";"(not set)";"109";"118"
"2024-10-10";"facebook / cpc";"campaign_19";"65";"68"
"2024-10-10";"google / cpc";"campaign_24";"47";"51"
"2024-10-10";"bing / cpc";"campaign_2";"32";"34"
"2024-10-10";"facebook / cpc";"campaign_20";"23";"28"
"2024-10-10";"google / cpc";"campaign_23";"14";"21"
"2024-10-10";"google / cpc";"campaign_22";"15";"20"
"2024-10-10";"l.facebook.com / referral";"(referral)";"16";"19"
"2024-10-10";"google / cpc";"DE | pMAX | PERF I Brand";"17";"17"
"2024-10-10";"bing / cpc";"HU | PERF I Brand";"11";"15"
"2024-10-10";"m.facebook.com / referral";"(referral)";"14";"14"
"2024-10-10";"redir.d-edgeconnect.media / referral";"(referral)";"10";"12"
"2024-10-10";"bing / organic";"(organic)";"6";"11"
"2024-10-10";"ajanlat / email";"campaign_15";"11";"11"
"2024-10-10";"ajanlat / offline";"campaign_10";"9";"10"
"2024-10-10";"l.instagram.com / referral";"(referral)";"7";"9"
"2024-10-10";"google / cpc";"(referral)";"7";"8"
"2024-10-10";"google / cpc";"campaign_27";"6";"8"
"2024-10-10";"bing / cpc";"campaign_40";"7";"7"
"2024-10-10";"glamour.hu / referral";"(referral)";"5";"6"
"2024-10-10";"facebook / cpc";"campaign_21";"6";"6"
"2024-10-10";"otpbankdirekt.hu / referral";"(referral)";"4";"5"
"2024-10-10";"ajanlat / offline";"proposal-by-phone";"5";"5"
"2024-10-10";"instagram.com / referral";"(referral)";"4";"4"
"2024-10-10";"zadir.hu / referral";"(referral)";"1";"4"
"2024-10-10";"bing / cpc";"HU | PERF | Lokáció - All";"4";"4"
"2024-10-10";"hirlevel / ct";"hirlevel_c5";"4";"4"
"2024-10-10";"kereso.startlap.hu / referral";"(referral)";"1";"3"
"2024-10-10";"source_1";"(referral)";"1";"3"
"2024-10-10";"google / cpc";"campaign_26";"2";"3"
"2024-10-10";"app.zoomsphere.com / referral";"(referral)";"2";"2"
"2024-10-10";"kapu.hu / referral";"(referral)";"2";"2"
"2024-10-10";"lm.facebook.com / referral";"(referral)";"2";"2"
"2024-10-10";"mail.google.com / referral";"(referral)";"1";"2"
"2024-10-10";"source_16";"(referral)";"1";"2"
"2024-10-10";"bing / cpc";"HU";"2";"2"
"2024-10-10";"bing / cpc";"HU | PERF | Desztináció";"2";"2"
"2024-10-10";"hirlevel_s1";"hirlevel_c1";"2";"2"
"2024-10-10";"duckduckgo / organic";"(organic)";"1";"1"
"2024-10-10";"source_14";"(referral)";"1";"1"
"2024-10-10";"ui.ads.microsoft.com / referral";"(referral)";"1";"1"
"2024-10-10";"webmail.telekom.hu / referral";"(referral)";"1";"1"
"2024-10-10";"bing / cpc";"campaign_31";"1";"1"
"2024-10-10";"bing / cpc";"AT | PERF I Brand";"1";"1"
"2024-10-10";"google / cpc";"campaign_30";"1";"1"
"2024-10-10";"facebook / cpc";"campaign_1";"0";"1"
"2024-10-10";"loyalty / email";"loyalty-email";"1";"1"
"2024-10-11";"(not set)";"(not set)";"507";"550"
"2024-10-11";"google / cpc";"(organic)";"316";"377"
"2024-10-11";"(direct) / (none)";"(direct)";"227";"282"
"2024-10-11";"google / cpc";"HU | GSN | PERF I Brand";"180";"219"
"2024-10-11";"google / organic";"(organic)";"151";"187"
"2024-10-11";"google / cpc";"(not set)";"125";"133"
"2024-10-11";"google / cpc";"HU | pMAX | PERF I Brand";"98";"103"
"2024-10-11";"facebook / cpc";"campaign_19";"65";"67"
"2024-10-11";"google / cpc";"campaign_24";"39";"40"
"2024-10-11";"google / cpc";"campaign_22";"31";"39"
"2024-10-11";"facebook / cpc";"campaign_20";"22";"25"
"2024-10-11";"l.facebook.com / referral";"(referral)";"18";"23"
"2024-10-11";"bing / cpc";"campaign_2";"18";"21"
"2024-10-11";"bing / cpc";"HU | PERF I Brand";"15";"21"
"2024-10-11";"google / cpc";"campaign_23";"16";"19"
"2024-10-11";"m.facebook.com / referral";"(referral)";"15";"15"
"2024-10-11";"google / cpc";"DE | pMAX | PERF I Brand";"13";"14"
"2024-10-11";"bing / organic";"(organic)";"10";"13"
"2024-10-11";"hirlevel / ct";"hirlevel_c5";"12";"13"
"2024-10-11";"instagram.com / referral";"(referral)";"10";"10"
"2024-10-11";"l.instagram.com / referral";"(referral)";"10";"10"
"2024-10-11";"lm.facebook.com / referral";"(referral)";"9";"9"
"2024-10-11";"google / cpc";"campaign_27";"6";"9"
"2024-10-11";"ajanlat / offline";"campaign_10";"8";"9"
"2024-10-11";"(direct) / (none)";"(not set)";"5";"6"
"2024-10-11";"bing / cpc";"campaign_40";"6";"6"
"2024-10-11";"google / cpc";"campaign_26";"4";"5"
"2024-10-11";"facebook / cpc";"campaign_21";"4";"5"
"2024-10-11";"redir.d-edgeconnect.media / referral";"(referral)";"3";"3"
"2024-10-11";"uk.search.yahoo.com / referral";"(referral)";"1";"3"
"2024-10-11";"facebook / cpc";"campaign_1";"2";"3"
"2024-10-11";"ajanlat / email";"campaign_15";"3";"3"
"2024-10-11";"app.zoomsphere.com / referral";"(referral)";"1";"2"
"2024-10-11";"google / cpc";"(referral)";"2";"2"
"2024-10-11";"kereso.startlap.hu / referral";"(referral)";"1";"2"
"2024-10-11";"mail.google.com / referral";"(referral)";"1";"2"
"2024-10-11";"bing / cpc";"AT | PERF I Brand";"2";"2"
"2024-10-11";"google / cpc";"campaign_30";"2";"2"
"2024-10-11";"loyalty / email";"loyalty-email";"2";"2"
"2024-10-11";"phone / offline";"proposal-by-phone";"2";"2"
"2024-10-11";"google / organic";"(not set)";"1";"1"
"2024-10-11";"ecosia.org / organic";"(organic)";"1";"1"
"2024-10-11";"source_19";"(referral)";"1";"1"
"2024-10-11";"darksky.hu / referral";"(referral)";"1";"1"
"2024-10-11";"glamour.hu / referral";"(referral)";"1";"1"
"2024-10-11";"romaniatv.net / referral";"(referral)";"1";"1"
"2024-10-11";"search.brave.com / referral";"(referral)";"1";"1"
"2024-10-11";"statics.teams.cdn.office.net / referral";"(referral)";"1";"1"
"2024-10-11";"source_22";"(referral)";"1";"1"
"2024-10-11";"google / cpc";"HU | GDN | ENGM I Programok '24";"1";"1"
"2024-10-11";"bing / cpc";"HU | PERF | Lokáció - All";"1";"1"
"2024-10-12";"(not set)";"(not set)";"513";"558"
"2024-10-12";"google / cpc";"(organic)";"303";"370"
"2024-10-12";"(direct) / (none)";"(direct)";"267";"307"
"2024-10-12";"google / cpc";"HU | GSN | PERF I Brand";"180";"236"
"2024-10-12";"google / organic";"(organic)";"120";"138"
"2024-10-12";"google / cpc";"HU | pMAX | PERF I Brand";"99";"106"
"2024-10-12";"google / cpc";"(not set)";"93";"102"
"2024-10-12";"facebook / cpc";"campaign_19";"64";"66"
"2024-10-12";"google / cpc";"campaign_24";"38";"40"
"2024-10-12";"facebook / cpc";"campaign_20";"21";"24"
"2024-10-12";"google / cpc";"campaign_22";"17";"23"
"2024-10-12";"bing / cpc";"campaign_2";"16";"17"
"2024-10-12";"google / cpc";"campaign_23";"14";"16"
"2024-10-12";"instagram.com / referral";"(referral)";"13";"14"
"2024-10-12";"l.instagram.com / referral";"(referral)";"13";"14"
"2024-10-12";"google / cpc";"DE | pMAX | PERF I Brand";"14";"14"
"2024-10-12";"l.facebook.com / referral";"(referral)";"12";"12"
"2024-10-12";"google / cpc";"campaign_27";"8";"12"
"2024-10-12";"redir.d-edgeconnect.media / referral";"(referral)";"8";"11"
"2024-10-12";"m.facebook.com / referral";"(referral)";"9";"10"
"2024-10-12";"ajanlat / offline";"campaign_10";"8";"10"
"2024-10-12";"(direct) / (none)";"(not set)";"3";"6"
"2024-10-12";"bing / cpc";"HU | PERF I Brand";"4";"6"
"2024-10-12";"bing / organic";"(organic)";"2";"5"
"2024-10-12";"lm.facebook.com / referral";"(referral)";"4";"5"
"2024-10-12";"bing / cpc";"campaign_40";"4";"5"
"2024-10-12";"google / organic";"(not set)";"3";"4"
"2024-10-12";"glamour.hu / referral";"(referral)";"4";"4"
"2024-10-12";"otpbankdirekt.hu / referral";"(referral)";"1";"4"
"2024-10-12";"google / cpc";"(referral)";"3";"3"
"2024-10-12";"google / cpc";"campaign_30";"1";"3"
"2024-10-12";"facebook / cpc";"campaign_21";"3";"3"
"2024-10-12";"duckduckgo / organic";"(organic)";"1";"2"
"2024-10-12";"mail.google.com / referral";"(referral)";"2";"2"
"2024-10-12";"google / cpc";"campaign_28";"2";"2"
"2024-10-12";"ajanlat / email";"campaign_15";"2";"2"
"2024-10-12";"dailybusiness.ro / referral";"(referral)";"1";"1"
"2024-10-12";"kereso.startlap.hu / referral";"(referral)";"1";"1"
"2024-10-12";"google / cpc";"campaign_26";"1";"1"
"2024-10-12";"google / cpc";"HU | GDN | ENGM I Programok '24";"1";"1"
"2024-10-12";"instagram / cpc";"campaign_38";"1";"1"
"2024-10-12";"hirlevel / ct";"hirlevel_c5";"1";"1"
"2024-10-12";"ajanlat / offline";"proposal-by-phone";"1";"1"
"2024-10-13";"(not set)";"(not set)";"819";"917"
"2024-10-13";"google / cpc";"(organic)";"412";"510"
"2024-10-13";"(direct) / (none)";"(direct)";"362";"420"
"2024-10-13";"google / cpc";"HU | GSN | PERF I Brand";"288";"390"
"2024-10-13";"google / organic";"(organic)";"185";"228"
"2024-10-13";"google / cpc";"(not set)";"117";"123"
"2024-10-13";"google / cpc";"HU | pMAX | PERF I Brand";"107";"116"
"2024-10-13";"facebook / cpc";"campaign_19";"80";"86"
"2024-10-13";"google / cpc";"campaign_24";"57";"58"
"2024-10-13";"l.facebook.com / referral";"(referral)";"32";"34"
"2024-10-13";"google / cpc";"campaign_22";"22";"24"
"2024-10-13";"facebook / cpc";"campaign_20";"20";"20"
"2024-10-13";"google / cpc";"campaign_23";"18";"19"
"2024-10-13";"bing / cpc";"campaign_2";"17";"19"
"2024-10-13";"google / cpc";"campaign_27";"16";"18"
"2024-10-13";"m.facebook.com / referral";"(referral)";"15";"17"
"2024-10-13";"bing / organic";"(organic)";"10";"15"
"2024-10-13";"instagram.com / referral";"(referral)";"14";"15"
"2024-10-13";"google / cpc";"DE | pMAX | PERF I Brand";"13";"15"
"2024-10-13";"redir.d-edgeconnect.media / referral";"(referral)";"11";"13"
"2024-10-13";"l.instagram.com / referral";"(referral)";"12";"12"
"2024-10-13";"bing / cpc";"HU | PERF I Brand";"11";"12"
"2024-10-13";"ajanlat / offline";"campaign_10";"3";"7"
"2024-10-13";"ajanlat / offline";"proposal-by-phone";"5";"6"
"2024-10-13";"google / cpc";"campaign_28";"3";"5"
"2024-10-13";"ajanlat / email";"campaign_15";"5";"5"
"2024-10-13";"google / cpc";"(referral)";"4";"4"
"2024-10-13";"lm.facebook.com / referral";"(referral)";"4";"4"
"2024-10-13";"bing / cpc";"campaign_40";"4";"4"
"2024-10-13";"facebook / cpc";"campaign_21";"4";"4"
"2024-10-13";"kapu.hu / referral";"(referral)";"1";"3"
"2024-10-13";"otpbankdirekt.hu / referral";"(referral)";"3";"3"
"2024-10-13";"google / cpc";"campaign_30";"3";"3"
"2024-10-13";"glamour.hu / referral";"(referral)";"2";"2"
"2024-10-13";"source_1";"(referral)";"2";"2"
"2024-10-13";"thermengutscheine.at / referral";"(referral)";"2";"2"
"2024-10-13";"(direct) / (none)";"(not set)";"1";"1"
"2024-10-13";"google / organic";"(not set)";"1";"1"
"2024-10-13";"google / cpc";"(not+set)";"1";"1"
"2024-10-13";"source_14";"(referral)";"1";"1"
"2024-10-13";"emea.search.yahoo.com / referral";"(referral)";"1";"1"
"2024-10-13";"kereso.startlap.hu / referral";"(referral)";"1";"1"
"2024-10-13";"mail.google.com / referral";"(referral)";"1";"1"
"2024-10-13";"thermenhotels.at / referral";"(referral)";"1";"1"
"2024-10-13";"wellcard.at / referral";"(referral)";"1";"1"
"2024-10-13";"bing / cpc";"AT | PERF I Brand";"1";"1"
"2024-10-13";"bing / cpc";"campaign_5";"1";"1"
"2024-10-13";"bing / cpc";"HU | GSN | Desztináció";"1";"1"
"2024-10-13";"loyalty / email";"loyalty-email";"1";"1"
"2024-10-14";"(not set)";"(not set)";"396";"429"
"2024-10-14";"google / cpc";"(organic)";"267";"326"
"2024-10-14";"(direct) / (none)";"(direct)";"192";"225"
"2024-10-14";"google / cpc";"HU | GSN | PERF I Brand";"165";"214"
"2024-10-14";"google / organic";"(organic)";"126";"160"
"2024-10-14";"google / cpc";"HU | pMAX | PERF I Brand";"117";"128"
"2024-10-14";"google / cpc";"(not set)";"99";"104"
"2024-10-14";"facebook / cpc";"campaign_19";"63";"64"
"2024-10-14";"google / cpc";"campaign_24";"34";"35"
"2024-10-14";"l.facebook.com / referral";"(referral)";"27";"27"
"2024-10-14";"google / cpc";"campaign_22";"24";"25"
"2024-10-14";"facebook / cpc";"campaign_20";"23";"24"
"2024-10-14";"google / cpc";"DE | pMAX | PERF I Brand";"20";"21"
"2024-10-14";"bing / cpc";"campaign_2";"19";"21"
"2024-10-14";"google / cpc";"campaign_23";"16";"18"
"2024-10-14";"facebook / cpc";"campaign_21";"15";"15"
"2024-10-14";"bing / organic";"(organic)";"13";"14"
"2024-10-14";"m.facebook.com / referral";"(referral)";"12";"12"
"2024-10-14";"bing / cpc";"HU | PERF I Brand";"10";"12"
"2024-10-14";"redir.d-edgeconnect.media / referral";"(referral)";"10";"11"
"2024-10-14";"otpbankdirekt.hu / referral";"(referral)";"6";"10"
"2024-10-14";"l.instagram.com / referral";"(referral)";"8";"9"
"2024-10-14";"instagram.com / referral";"(referral)";"8";"8"
"2024-10-14";"ajanlat / offline";"campaign_10";"6";"7"
"2024-10-14";"lm.facebook.com / referral";"(referral)";"5";"6"
"2024-10-14";"bing / cpc";"AT | PERF I Brand";"5";"5"
"2024-10-14";"google / organic";"(not set)";"3";"4"
"2024-10-14";"bing / cpc";"campaign_40";"4";"4"
"2024-10-14";"google / cpc";"campaign_27";"4";"4"
"2024-10-14";"google / cpc";"campaign_26";"4";"4"
"2024-10-14";"app.zoomsphere.com / referral";"(referral)";"1";"3"
"2024-10-14";"(direct) / (none)";"(not set)";"2";"2"
"2024-10-14";"google / cpc";"(referral)";"2";"2"
"2024-10-14";"thermengutscheine.at / referral";"(referral)";"2";"2"
"2024-10-14";"zadir.hu / referral";"(referral)";"1";"2"
"2024-10-14";"facebook / cpc";"campaign_1";"2";"2"
"2024-10-14";"ajanlat / email";"campaign_15";"2";"2"
"2024-10-14";"bing / organic";"(not set)";"1";"1"
"2024-10-14";"(direct) / (none)";"(not+set)";"1";"1"
"2024-10-14";"email.seznam.cz / referral";"(referral)";"1";"1"
"2024-10-14";"email.t-online.de / referral";"(referral)";"1";"1"
"2024-10-14";"kapu.hu / referral";"(referral)";"1";"1"
"2024-10-14";"kereso.startlap.hu / referral";"(referral)";"0";"1"
"2024-10-14";"source_21";"(referral)";"1";"1"
"2024-10-14";"google / cpc";"campaign_33";"1";"1"
"2024-10-14";"bing / cpc";"campaign_5";"1";"1"
"2024-10-14";"google / cpc";"campaign_28";"1";"1"
"2024-10-14";"hirlevel / ct";"hirlevel_c5";"1";"1"
"2024-10-14";"ajanlat / offline";"proposal-by-phone";"1";"1"
"2024-10-14";"email / offline";"proposal-by-phone";"1";"1"
"2024-10-14";"phone / offline";"proposal-by-phone";"1";"1"
"2024-10-15";"(not set)";"(not set)";"365";"397"
"2024-10-15";"google / cpc";"(organic)";"246";"301"
"2024-10-15";"(direct) / (none)";"(direct)";"195";"215"
"2024-10-15";"google / cpc";"HU | GSN | PERF I Brand";"126";"172"
"2024-10-15";"google / organic";"(organic)";"119";"152"
"2024-10-15";"google / cpc";"HU | pMAX | PERF I Brand";"110";"112"
"2024-10-15";"google / cpc";"(not set)";"85";"88"
"2024-10-15";"facebook / cpc";"campaign_19";"60";"61"
"2024-10-15";"google / cpc";"campaign_24";"36";"36"
"2024-10-15";"l.facebook.com / referral";"(referral)";"25";"26"
"2024-10-15";"facebook / cpc";"campaign_21";"23";"24"
"2024-10-15";"bing / cpc";"campaign_2";"23";"23"
"2024-10-15";"m.facebook.com / referral";"(referral)";"18";"22"
"2024-10-15";"instagram.com / referral";"(referral)";"19";"20"
"2024-10-15";"google / cpc";"campaign_22";"17";"20"
"2024-10-15";"facebook / cpc";"campaign_20";"20";"20"
"2024-10-15";"google / cpc";"campaign_23";"15";"16"
"2024-10-15";"google / cpc";"DE | pMAX | PERF I Brand";"14";"16"
"2024-10-15";"bing / organic";"(organic)";"11";"13"
"2024-10-15";"ajanlat / offline";"campaign_10";"8";"12"
"2024-10-15";"bing / cpc";"HU | PERF I Brand";"9";"11"
"2024-10-15";"google / cpc";"campaign_27";"8";"10"
"2024-10-15";"redir.d-edgeconnect.media / referral";"(referral)";"8";"8"
"2024-10-15";"phone / offline";"proposal-by-phone";"3";"7"
"2024-10-15";"app.zoomsphere.com / referral";"(referral)";"2";"5"
"2024-10-15";"l.instagram.com / referral";"(referral)";"5";"5"
"2024-10-15";"otpbankdirekt.hu / referral";"(referral)";"1";"5"
"2024-10-15";"(direct) / (none)";"(not set)";"2";"4"
"2024-10-15";"lm.facebook.com / referral";"(referral)";"4";"4"
"2024-10-15";"google / cpc";"(referral)";"3";"3"
"2024-10-15";"source_17";"(referral)";"1";"3"
"2024-10-15";"wellcard.at / referral";"(referral)";"1";"3"
"2024-10-15";"bing / cpc";"AT | PERF I Brand";"3";"3"
"2024-10-15";"google / cpc";"campaign_26";"2";"2"
"2024-10-15";"google / cpc";"campaign_33";"2";"2"
"2024-10-15";"google / cpc";"campaign_28";"2";"2"
"2024-10-15";"ajanlat / email";"campaign_15";"1";"2"
"2024-10-15";"bing / organic";"(not set)";"1";"1"
"2024-10-15";"google / organic";"(not set)";"1";"1"
"2024-10-15";"yahoo / organic";"(organic)";"1";"1"
"2024-10-15";"source_19";"(referral)";"1";"1"
"2024-10-15";"at.search.yahoo.com / referral";"(referral)";"1";"1"
"2024-10-15";"director-web.ro / referral";"(referral)";"1";"1"
"2024-10-15";"kapu.hu / referral";"(referral)";"1";"1"
"2024-10-15";"mail.google.com / referral";"(referral)";"1";"1"
"2024-10-15";"source_23";"(referral)";"1";"1"
"2024-10-15";"privacywall.org / referral";"(referral)";"1";"1"
"2024-10-15";"source_24";"(referral)";"1";"1"
"2024-10-15";"thermengutscheine.at / referral";"(referral)";"1";"1"
"2024-10-15";"source_22";"(referral)";"1";"1"
"2024-10-15";"webmail.telekom.hu / referral";"(referral)";"1";"1"
"2024-10-15";"zadir.hu / referral";"(referral)";"1";"1"
"2024-10-15";"google / cpc";"campaign_30";"1";"1"
"2024-10-16";"(not set)";"(not set)";"294";"313"
"2024-10-16";"google / cpc";"(organic)";"225";"266"
"2024-10-16";"(direct) / (none)";"(direct)";"165";"197"
"2024-10-16";"google / cpc";"HU | GSN | PERF I Brand";"114";"137"
"2024-10-16";"google / organic";"(organic)";"108";"121"
"2024-10-16";"google / cpc";"HU | pMAX | PERF I Brand";"101";"106"
"2024-10-16";"google / cpc";"(not set)";"90";"99"
"2024-10-16";"facebook / cpc";"campaign_19";"63";"63"
"2024-10-16";"google / cpc";"campaign_24";"47";"49"
"2024-10-16";"facebook / cpc";"campaign_20";"31";"34"
"2024-10-16";"m.facebook.com / referral";"(referral)";"29";"30"
"2024-10-16";"facebook / cpc";"campaign_21";"25";"26"
"2024-10-16";"l.facebook.com / referral";"(referral)";"24";"24"
"2024-10-16";"bing / cpc";"campaign_2";"22";"24"
"2024-10-16";"google / cpc";"campaign_22";"17";"20"
"2024-10-16";"l.instagram.com / referral";"(referral)";"18";"19"
"2024-10-16";"instagram.com / referral";"(referral)";"14";"16"
"2024-10-16";"google / cpc";"campaign_23";"13";"13"
"2024-10-16";"ajanlat / offline";"campaign_10";"11";"13"
"2024-10-16";"bing / organic";"(organic)";"7";"9"
"2024-10-16";"google / cpc";"campaign_27";"7";"9"
"2024-10-16";"redir.d-edgeconnect.media / referral";"(referral)";"7";"8"
"2024-10-16";"google / cpc";"DE | pMAX | PERF I Brand";"8";"8"
"2024-10-16";"bing / cpc";"HU | PERF I Brand";"3";"6"
"2024-10-16";"ajanlat / offline";"proposal-by-phone";"3";"6"
"2024-10-16";"bing / organic";"(not set)";"3";"4"
"2024-10-16";"(direct) / (none)";"(not set)";"1";"3"
"2024-10-16";"google / organic";"(not set)";"2";"3"
"2024-10-16";"bing / cpc";"AT | PERF I Brand";"3";"3"
"2024-10-16";"google / cpc";"(referral)";"2";"2"
"2024-10-16";"kapu.hu / referral";"(referral)";"1";"2"
"2024-10-16";"lm.facebook.com / referral";"(referral)";"2";"2"
"2024-10-16";"otpbankdirekt.hu / referral";"(referral)";"2";"2"
"2024-10-16";"romaniatv.net / referral";"(referral)";"2";"2"
"2024-10-16";"source_17";"(referral)";"1";"2"
"2024-10-16";"zadir.hu / referral";"(referral)";"1";"2"
"2024-10-16";"bing / cpc";"campaign_40";"2";"2"
"2024-10-16";"google / cpc";"campaign_30";"1";"2"
"2024-10-16";"qwant.com / organic";"(organic)";"1";"1"
"2024-10-16";"e.issuu.com / referral";"(referral)";"1";"1"
"2024-10-16";"kereso.startlap.hu / referral";"(referral)";"1";"1"
"2024-10-16";"mail.google.com / referral";"(referral)";"1";"1"
"2024-10-16";"thermengutscheine.at / referral";"(referral)";"1";"1"
"2024-10-16";"web.telegram.org / referral";"(referral)";"1";"1"
"2024-10-16";"google / cpc";"campaign_33";"1";"1"
"2024-10-16";"hirlevel / ct";"hirlevel_c5";"1";"1"
"2024-10-16";"email / offline";"proposal-by-phone";"1";"1"
"2024-10-16";"phone / offline";"proposal-by-phone";"1";"1"
"2024-10-17";"(not set)";"(not set)";"336";"353"
"2024-10-17";"google / cpc";"(organic)";"238";"285"
"2024-10-17";"(direct) / (none)";"(direct)";"188";"214"
"2024-10-17";"google / cpc";"HU | GSN | PERF I Brand";"128";"159"
"2024-10-17";"google / organic";"(organic)";"106";"132"
"2024-10-17";"google / cpc";"HU | pMAX | PERF I Brand";"118";"130"
"2024-10-17";"google / cpc";"(not set)";"111";"114"
"2024-10-17";"google / cpc";"campaign_24";"53";"54"
"2024-10-17";"facebook / cpc";"campaign_19";"50";"51"
"2024-10-17";"l.facebook.com / referral";"(referral)";"28";"29"
"2024-10-17";"m.facebook.com / referral";"(referral)";"28";"29"
"2024-10-17";"facebook / cpc";"campaign_21";"29";"29"
"2024-10-17";"facebook / cpc";"campaign_20";"25";"25"
"2024-10-17";"google / cpc";"campaign_22";"19";"23"
"2024-10-17";"bing / cpc";"campaign_2";"19";"21"
"2024-10-17";"google / cpc";"DE | pMAX | PERF I Brand";"17";"17"
"2024-10-17";"instagram.com / referral";"(referral)";"15";"16"
"2024-10-17";"l.instagram.com / referral";"(referral)";"16";"16"
"2024-10-17";"google / cpc";"campaign_23";"15";"15"
"2024-10-17";"google / cpc";"campaign_27";"12";"14"
"2024-10-17";"ajanlat / offline";"campaign_10";"8";"14"
"2024-10-17";"bing / organic";"(organic)";"8";"12"
"2024-10-17";"bing / cpc";"HU | PERF I Brand";"6";"10"
"2024-10-17";"source_22";"(referral)";"8";"9"
"2024-10-17";"google / organic";"(not set)";"5";"7"
"2024-10-17";"lm.facebook.com / referral";"(referral)";"5";"5"
"2024-10-17";"redir.d-edgeconnect.media / referral";"(referral)";"5";"5"
"2024-10-17";"ajanlat / email";"campaign_15";"4";"4"
"2024-10-17";"ajanlat / offline";"proposal-by-phone";"3";"4"
"2024-10-17";"kereso.startlap.hu / referral";"(referral)";"3";"3"
"2024-10-17";"facebook / cpc";"campaign_1";"2";"3"
"2024-10-17";"app.zoomsphere.com / referral";"(referral)";"2";"2"
"2024-10-17";"at.search.yahoo.com / referral";"(referral)";"1";"2"
"2024-10-17";"kapu.hu / referral";"(referral)";"1";"2"
"2024-10-17";"source_11";"(referral)";"2";"2"
"2024-10-17";"bing / cpc";"AT | PERF I Brand";"2";"2"
"2024-10-17";"hirlevel_s1";"hirlevel_c1";"2";"2"
"2024-10-17";"hirlevel / ct";"hirlevel_c6";"1";"2"
"2024-10-17";"hirlevel / ct";"hirlevel_c5";"2";"2"
"2024-10-17";"(direct) / (none)";"(not set)";"1";"1"
"2024-10-17";"duckduckgo / organic";"(organic)";"1";"1"
"2024-10-17";"source_25";"(referral)";"1";"1"
"2024-10-17";"csodasmagyarorszag.hu / referral";"(referral)";"1";"1"
"2024-10-17";"e.issuu.com / referral";"(referral)";"1";"1"
"2024-10-17";"source_20";"(referral)";"1";"1"
"2024-10-17";"google / cpc";"(referral)";"1";"1"
"2024-10-17";"internetbank.otpbank.hu / referral";"(referral)";"1";"1"
"2024-10-17";"mail.google.com / referral";"(referral)";"1";"1"
"2024-10-17";"otpbankdirekt.hu / referral";"(referral)";"1";"1"
"2024-10-17";"source_17";"(referral)";"1";"1"
"2024-10-17";"zadir.hu / referral";"(referral)";"1";"1"
"2024-10-17";"google / cpc";"campaign_33";"1";"1"
"2024-10-17";"google / cpc";"campaign_28";"1";"1"
"2024-10-17";"phone / offline";"proposal-by-phone";"1";"1"
"2024-10-18";"hirlevel / ct";"hirlevel_c6";"520";"585"
"2024-10-18";"(not set)";"(not set)";"472";"493"
"2024-10-18";"(direct) / (none)";"(direct)";"289";"331"
"2024-10-18";"google / cpc";"(organic)";"254";"300"
"2024-10-18";"google / cpc";"HU | GSN | PERF I Brand";"102";"141"
"2024-10-18";"google / organic";"(organic)";"110";"131"
"2024-10-18";"google / cpc";"HU | pMAX | PERF I Brand";"129";"131"
"2024-10-18";"google / cpc";"(not set)";"109";"116"
"2024-10-18";"facebook / cpc";"campaign_19";"57";"58"
"2024-10-18";"google / cpc";"campaign_24";"44";"47"
"2024-10-18";"bing / cpc";"campaign_2";"32";"34"
"2024-10-18";"facebook / cpc";"campaign_20";"28";"30"
"2024-10-18";"l.facebook.com / referral";"(referral)";"28";"29"
"2024-10-18";"facebook / cpc";"campaign_21";"24";"25"
"2024-10-18";"m.facebook.com / referral";"(referral)";"21";"23"
"2024-10-18";"google / cpc";"campaign_22";"17";"21"
"2024-10-18";"bing / cpc";"HU | PERF I Brand";"11";"16"
"2024-10-18";"google / cpc";"DE | pMAX | PERF I Brand";"14";"14"
"2024-10-18";"l.instagram.com / referral";"(referral)";"10";"11"
"2024-10-18";"instagram.com / referral";"(referral)";"10";"10"
"2024-10-18";"google / cpc";"campaign_27";"8";"10"
"2024-10-18";"google / cpc";"campaign_23";"8";"9"
"2024-10-18";"ajanlat / offline";"campaign_10";"9";"9"
"2024-10-18";"google / cpc";"(referral)";"7";"7"
"2024-10-18";"hirlevel+ / ct";"hirlevel_c6";"6";"7"
"2024-10-18";"lm.facebook.com / referral";"(referral)";"6";"6"
"2024-10-18";"hirlevel_s5";"hirlevel_c4";"6";"6"
"2024-10-18";"google / cpc";"campaign_28";"2";"5"
"2024-10-18";"hirlevel / ct";"hirlevel_c5";"5";"5"
"2024-10-18";"source_22";"(referral)";"3";"3"
"2024-10-18";"bing / cpc";"AT | PERF I Brand";"2";"3"
"2024-10-18";"facebook / cpc";"campaign_1";"3";"3"
"2024-10-18";"(direct) / (none)";"(not set)";"1";"2"
"2024-10-18";"bing / organic";"(not set)";"2";"2"
"2024-10-18";"google / organic";"(not+set)";"2";"2"
"2024-10-18";"bing / organic";"(organic)";"2";"2"
"2024-10-18";"email.seznam.cz / referral";"(referral)";"2";"2"
"2024-10-18";"mail.google.com / referral";"(referral)";"2";"2"
"2024-10-18";"romaniatv.net / referral";"(referral)";"2";"2"
"2024-10-18";"statics.teams.cdn.office.net / referral";"(referral)";"1";"2"
"2024-10-18";"google / cpc";"campaign_26";"1";"2"
"2024-10-18";"google / cpc";"campaign_30";"2";"2"
"2024-10-18";"hirlevel_s3";"hirlevel_c2";"2";"2"
"2024-10-18";"ajanlat / email";"campaign_15";"2";"2"
"2024-10-18";"ajanlat / offline";"proposal-by-phone";"2";"2"
"2024-10-18";"google / organic";"(not set)";"1";"1"
"2024-10-18";"app.zoomsphere.com / referral";"(referral)";"1";"1"
"2024-10-18";"cdn.respond.io / referral";"(referral)";"1";"1"
"2024-10-18";"csodasmagyarorszag.hu / referral";"(referral)";"1";"1"
"2024-10-18";"otpbankdirekt.hu / referral";"(referral)";"1";"1"
"2024-10-18";"redir.d-edgeconnect.media / referral";"(referral)";"1";"1"
"2024-10-18";"search.brave.com / referral";"(referral)";"1";"1"
"2024-10-18";"t-pmail.centrum.sk / referral";"(referral)";"1";"1"
"2024-10-18";"web.telegram.org / referral";"(referral)";"1";"1"
"2024-10-18";"google / cpc";"campaign_33";"1";"1"
"2024-10-18";"hirlevel_s1";"hirlevel_c1";"1";"1"
"2024-10-18";"email / offline";"proposal-by-phone";"1";"1"
"2024-10-18";"phone / offline";"proposal-by-phone";"1";"1"
